date,city,temp_high_f,temp_low_f,precipitation_in,wind_mph,conditions
2024-01-01,Boston,40.3,16.3,0.0,4.3,Rainy
2024-01-01,Seattle,44.2,32.4,0.0,8.8,Foggy
2024-01-01,Miami,76.0,62.6,1.55,14.1,Rainy
2024-01-01,Phoenix,70.9,53.9,0.67,16.0,Rainy
2024-01-02,Boston,42.8,41.6,0.0,9.7,Cloudy
2024-01-02,Seattle,48.1,38.0,0.0,7.6,Rainy
2024-01-02,Miami,74.8,59.4,0.0,11.5,Sunny
2024-01-02,Phoenix,68.9,57.2,0.0,3.5,Rainy
2024-01-03,Boston,35.7,10.5,0.0,10.7,Snowy
2024-01-03,Seattle,46.8,25.7,0.0,6.4,Rainy
2024-01-03,Miami,71.9,55.8,0.0,5.7,Sunny
2024-01-03,Phoenix,75.3,66.6,0.0,6.7,Sunny
2024-01-04,Boston,33.9,17.7,0.0,13.7,Cloudy
2024-01-04,Seattle,45.9,27.0,1.66,9.5,Cloudy
2024-01-04,Miami,70.3,51.1,0.0,3.6,Rainy
2024-01-04,Phoenix,70.8,48.5,0.0,13.9,Sunny
2024-01-05,Boston,38.0,19.1,0.0,4.9,Foggy
2024-01-05,Seattle,40.1,10.7,0.0,4.4,Rainy
2024-01-05,Miami,73.7,53.7,0.0,8.5,Sunny
2024-01-05,Phoenix,67.9,58.0,1.99,11.0,Sunny
2024-01-06,Boston,36.1,28.6,0.0,5.3,Cloudy
2024-01-06,Seattle,43.8,22.3,0.0,23.3,Rainy
2024-01-06,Miami,77.1,50.5,0.0,8.1,Cloudy
2024-01-06,Phoenix,60.8,32.8,0.0,7.8,Sunny
2024-01-07,Boston,38.2,23.9,0.08,14.4,Cloudy
2024-01-07,Seattle,52.5,37.7,1.3,13.2,Rainy
2024-01-07,Miami,74.8,52.5,0.0,14.6,Sunny
2024-01-07,Phoenix,61.1,45.2,0.0,6.6,Sunny
2024-01-08,Boston,33.3,11.3,0.0,14.0,Cloudy
2024-01-08,Seattle,47.8,27.7,0.0,9.7,Rainy
2024-01-08,Miami,67.4,49.0,0.0,8.9,Sunny
2024-01-08,Phoenix,64.2,48.8,0.8,6.1,Sunny
2024-01-09,Boston,27.3,7.2,0.0,9.9,Snowy
2024-01-09,Seattle,46.9,24.3,0.0,18.1,Rainy
2024-01-09,Miami,85.8,68.7,0.0,16.1,Cloudy
2024-01-09,Phoenix,69.8,45.3,1.43,5.1,Sunny
2024-01-10,Boston,42.1,17.1,0.0,7.2,Cloudy
2024-01-10,Seattle,44.6,26.8,0.0,6.1,Rainy
2024-01-10,Miami,72.6,60.3,0.0,7.5,Sunny
2024-01-10,Phoenix,71.5,49.3,0.0,7.7,Sunny
2024-01-11,Boston,26.9,1.3,0.0,2.6,Snowy
2024-01-11,Seattle,46.5,21.1,0.0,13.2,Rainy
2024-01-11,Miami,77.3,64.0,0.0,15.9,Sunny
2024-01-11,Phoenix,57.5,51.0,0.0,8.9,Cloudy
2024-01-12,Boston,31.3,21.6,0.0,11.0,Cloudy
2024-01-12,Seattle,44.5,16.9,0.0,6.7,Foggy
2024-01-12,Miami,82.1,56.2,0.0,10.6,Cloudy
2024-01-12,Phoenix,61.4,41.8,0.0,5.3,Sunny
2024-01-13,Boston,31.6,5.9,0.0,12.8,Cloudy
2024-01-13,Seattle,47.2,26.8,0.36,11.5,Cloudy
2024-01-13,Miami,83.0,66.0,0.0,1.2,Sunny
2024-01-13,Phoenix,67.8,51.7,0.0,5.6,Sunny
2024-01-14,Boston,39.4,24.8,0.0,11.4,Rainy
2024-01-14,Seattle,44.6,24.5,0.0,8.0,Snowy
2024-01-14,Miami,63.0,40.6,0.0,16.5,Sunny
2024-01-14,Phoenix,56.3,24.2,2.08,5.3,Sunny
2024-01-15,Boston,31.5,6.0,0.0,17.2,Snowy
2024-01-15,Seattle,47.4,29.4,0.0,8.1,Foggy
2024-01-15,Miami,80.0,66.7,0.0,4.6,Cloudy
2024-01-15,Phoenix,63.4,38.1,0.0,11.1,Sunny
2024-01-16,Boston,39.8,25.2,0.0,12.4,Cloudy
2024-01-16,Seattle,44.7,26.5,0.0,5.0,Cloudy
2024-01-16,Miami,74.0,50.6,1.5,3.3,Sunny
2024-01-16,Phoenix,62.1,50.5,1.88,17.8,Sunny
2024-01-17,Boston,30.8,10.1,0.0,23.2,Snowy
2024-01-17,Seattle,38.0,21.1,0.0,2.2,Sunny
2024-01-17,Miami,65.7,46.7,0.0,10.2,Sunny
2024-01-17,Phoenix,65.1,41.2,2.46,12.0,Cloudy
2024-01-18,Boston,35.3,20.1,0.0,9.1,Snowy
2024-01-18,Seattle,42.3,31.6,0.0,4.6,Cloudy
2024-01-18,Miami,83.5,59.2,1.26,7.0,Sunny
2024-01-18,Phoenix,72.7,57.2,0.0,4.2,Cloudy
2024-01-19,Boston,33.4,11.6,0.0,4.7,Rainy
2024-01-19,Seattle,53.5,41.1,0.0,9.4,Cloudy
2024-01-19,Miami,74.6,56.8,0.0,8.0,Sunny
2024-01-19,Phoenix,61.2,36.9,2.43,12.1,Sunny
2024-01-20,Boston,34.5,9.2,0.0,16.3,Cloudy
2024-01-20,Seattle,47.1,32.0,0.0,20.7,Snowy
2024-01-20,Miami,72.9,58.4,0.91,12.7,Sunny
2024-01-20,Phoenix,74.9,58.5,0.0,5.8,Sunny
2024-01-21,Boston,37.0,22.6,0.0,3.0,Snowy
2024-01-21,Seattle,47.2,24.8,0.56,7.9,Rainy
2024-01-21,Miami,74.6,56.1,0.0,2.6,Sunny
2024-01-21,Phoenix,64.8,43.7,0.0,10.4,Sunny
2024-01-22,Boston,28.8,12.1,0.0,5.6,Cloudy
2024-01-22,Seattle,45.1,21.9,0.0,16.9,Sunny
2024-01-22,Miami,73.5,57.3,0.0,9.3,Rainy
2024-01-22,Phoenix,62.6,37.0,2.03,4.1,Cloudy
2024-01-23,Boston,37.3,13.5,0.0,5.8,Cloudy
2024-01-23,Seattle,48.1,20.7,0.0,8.8,Foggy
2024-01-23,Miami,74.3,48.8,1.3,9.3,Sunny
2024-01-23,Phoenix,64.4,38.1,0.0,23.5,Sunny
2024-01-24,Boston,45.6,28.9,0.0,6.2,Snowy
2024-01-24,Seattle,47.6,30.9,0.0,4.3,Cloudy
2024-01-24,Miami,77.0,60.8,0.0,14.6,Sunny
2024-01-24,Phoenix,65.5,40.5,0.0,3.3,Sunny
2024-01-25,Boston,22.8,7.2,0.0,13.6,Snowy
2024-01-25,Seattle,52.8,33.5,0.0,6.6,Rainy
2024-01-25,Miami,75.3,49.1,0.0,6.2,Sunny
2024-01-25,Phoenix,65.9,41.8,0.0,12.6,Sunny
2024-01-26,Boston,36.9,12.2,0.0,14.6,Cloudy
2024-01-26,Seattle,47.8,28.1,0.28,5.6,Cloudy
2024-01-26,Miami,77.5,61.1,0.0,7.0,Sunny
2024-01-26,Phoenix,67.8,56.4,0.6,11.0,Sunny
2024-01-27,Boston,44.4,11.4,0.0,17.8,Foggy
2024-01-27,Seattle,50.6,34.3,0.0,9.7,Rainy
2024-01-27,Miami,82.5,67.4,0.24,4.1,Sunny
2024-01-27,Phoenix,58.2,40.2,0.0,8.9,Sunny
2024-01-28,Boston,43.1,24.4,0.0,4.1,Snowy
2024-01-28,Seattle,42.0,32.3,0.0,5.2,Rainy
2024-01-28,Miami,77.7,63.9,0.0,13.9,Rainy
2024-01-28,Phoenix,66.9,49.0,0.0,10.0,Sunny
2024-01-29,Boston,30.7,3.0,0.0,5.7,Snowy
2024-01-29,Seattle,45.6,27.2,0.0,4.9,Rainy
2024-01-29,Miami,72.0,57.2,0.0,6.3,Sunny
2024-01-29,Phoenix,65.1,43.4,0.0,4.2,Rainy
2024-01-30,Boston,36.0,17.9,0.0,19.7,Rainy
2024-01-30,Seattle,54.8,36.8,0.0,13.0,Cloudy
2024-01-30,Miami,71.1,47.6,0.0,11.5,Sunny
2024-01-30,Phoenix,67.8,47.0,0.0,13.5,Sunny
2024-01-31,Boston,40.6,22.3,1.19,6.9,Cloudy
2024-01-31,Seattle,48.9,36.3,1.53,8.5,Snowy
2024-01-31,Miami,79.4,56.1,0.24,5.4,Sunny
2024-01-31,Phoenix,69.5,44.4,0.53,2.6,Cloudy
2024-02-01,Boston,28.1,9.8,0.46,9.1,Sunny
2024-02-01,Seattle,48.1,38.0,0.0,7.7,Snowy
2024-02-01,Miami,85.6,66.6,0.0,23.4,Rainy
2024-02-01,Phoenix,68.9,41.8,0.0,3.5,Sunny
2024-02-02,Boston,36.7,20.0,1.56,18.8,Rainy
2024-02-02,Seattle,53.1,39.1,0.0,6.1,Cloudy
2024-02-02,Miami,82.4,60.9,0.0,6.9,Sunny
2024-02-02,Phoenix,70.8,44.5,0.63,9.6,Sunny
2024-02-03,Boston,36.9,13.4,0.0,4.1,Rainy
2024-02-03,Seattle,51.9,23.8,0.0,18.0,Foggy
2024-02-03,Miami,70.4,49.2,0.0,5.6,Sunny
2024-02-03,Phoenix,75.3,64.7,0.0,16.9,Sunny
2024-02-04,Boston,34.3,14.7,0.0,11.7,Cloudy
2024-02-04,Seattle,46.1,26.0,0.0,10.5,Cloudy
2024-02-04,Miami,75.8,50.0,0.0,11.0,Cloudy
2024-02-04,Phoenix,76.8,56.5,0.0,12.5,Sunny
2024-02-05,Boston,37.7,19.8,1.55,5.1,Cloudy
2024-02-05,Seattle,54.7,35.5,0.0,5.4,Cloudy
2024-02-05,Miami,85.8,60.4,0.0,9.3,Cloudy
2024-02-05,Phoenix,72.1,53.4,0.0,18.9,Sunny
2024-02-06,Boston,37.8,13.6,1.55,9.2,Rainy
2024-02-06,Seattle,50.7,30.4,0.0,11.8,Rainy
2024-02-06,Miami,82.0,59.1,0.0,8.4,Sunny
2024-02-06,Phoenix,66.1,58.9,0.0,8.1,Rainy
2024-02-07,Boston,39.3,13.3,1.57,4.4,Cloudy
2024-02-07,Seattle,52.9,37.5,0.0,3.9,Rainy
2024-02-07,Miami,84.6,63.1,0.0,7.4,Cloudy
2024-02-07,Phoenix,74.9,64.1,0.0,5.4,Sunny
2024-02-08,Boston,44.7,26.3,0.0,6.6,Cloudy
2024-02-08,Seattle,54.0,40.3,0.0,9.2,Foggy
2024-02-08,Miami,73.5,55.3,0.0,3.2,Sunny
2024-02-08,Phoenix,69.1,53.3,0.0,8.8,Sunny
2024-02-09,Boston,41.1,20.7,0.58,11.3,Foggy
2024-02-09,Seattle,54.7,38.3,0.0,10.5,Rainy
2024-02-09,Miami,82.2,60.3,1.59,7.3,Rainy
2024-02-09,Phoenix,71.4,56.8,0.0,4.6,Sunny
2024-02-10,Boston,42.3,17.8,0.0,27.1,Cloudy
2024-02-10,Seattle,60.3,38.2,0.0,3.8,Snowy
2024-02-10,Miami,76.3,55.7,0.0,3.1,Sunny
2024-02-10,Phoenix,52.6,25.4,0.0,8.0,Sunny
2024-02-11,Boston,43.8,15.2,0.0,5.8,Rainy
2024-02-11,Seattle,46.3,27.9,0.0,9.8,Cloudy
2024-02-11,Miami,71.9,55.2,0.0,12.3,Cloudy
2024-02-11,Phoenix,62.2,44.7,0.0,4.2,Sunny
2024-02-12,Boston,34.9,15.6,0.0,8.4,Rainy
2024-02-12,Seattle,47.5,31.9,0.0,7.5,Rainy
2024-02-12,Miami,80.6,63.3,0.0,8.1,Rainy
2024-02-12,Phoenix,67.3,52.1,0.0,11.7,Sunny
2024-02-13,Boston,37.3,15.6,0.0,7.5,Cloudy
2024-02-13,Seattle,45.3,29.6,0.0,5.7,Rainy
2024-02-13,Miami,78.0,52.3,0.0,15.1,Sunny
2024-02-13,Phoenix,71.4,42.6,0.86,4.2,Sunny
2024-02-14,Boston,44.2,30.1,0.58,8.2,Sunny
2024-02-14,Seattle,51.5,25.5,1.55,5.5,Cloudy
2024-02-14,Miami,77.4,55.1,0.0,25.8,Cloudy
2024-02-14,Phoenix,81.9,55.9,0.0,7.2,Sunny
2024-02-15,Boston,45.3,26.5,1.94,7.4,Sunny
2024-02-15,Seattle,61.0,51.8,0.0,8.3,Cloudy
2024-02-15,Miami,81.0,61.3,0.0,11.7,Rainy
2024-02-15,Phoenix,71.7,58.3,0.0,6.3,Cloudy
2024-02-16,Boston,40.5,25.6,0.0,2.2,Cloudy
2024-02-16,Seattle,43.9,23.3,0.3,15.1,Rainy
2024-02-16,Miami,76.5,55.3,0.0,10.1,Sunny
2024-02-16,Phoenix,75.5,56.7,0.0,4.4,Sunny
2024-02-17,Boston,36.9,22.1,0.0,2.5,Cloudy
2024-02-17,Seattle,47.3,29.3,0.0,10.2,Rainy
2024-02-17,Miami,78.7,70.5,0.0,12.6,Sunny
2024-02-17,Phoenix,66.4,40.3,0.0,3.5,Rainy
2024-02-18,Boston,37.9,23.5,0.0,6.8,Sunny
2024-02-18,Seattle,48.6,21.1,0.35,8.9,Foggy
2024-02-18,Miami,81.9,60.0,0.0,16.6,Rainy
2024-02-18,Phoenix,68.6,50.0,0.0,11.9,Rainy
2024-02-19,Boston,53.4,32.4,1.58,7.5,Sunny
2024-02-19,Seattle,53.5,36.0,0.0,10.3,Foggy
2024-02-19,Miami,72.8,55.5,0.0,4.7,Rainy
2024-02-19,Phoenix,68.3,44.8,0.0,21.1,Cloudy
2024-02-20,Boston,30.7,12.7,0.0,13.4,Sunny
2024-02-20,Seattle,44.3,17.9,0.0,8.0,Cloudy
2024-02-20,Miami,86.1,58.5,0.0,8.0,Sunny
2024-02-20,Phoenix,69.0,45.1,0.0,26.3,Sunny
2024-02-21,Boston,38.6,24.7,0.0,14.9,Sunny
2024-02-21,Seattle,55.6,36.9,0.0,9.2,Cloudy
2024-02-21,Miami,73.1,51.0,0.97,6.9,Cloudy
2024-02-21,Phoenix,72.6,51.2,0.0,22.3,Cloudy
2024-02-22,Boston,37.9,26.9,0.0,3.5,Cloudy
2024-02-22,Seattle,51.9,29.2,0.0,4.3,Rainy
2024-02-22,Miami,70.0,44.7,0.72,18.3,Sunny
2024-02-22,Phoenix,67.5,38.4,0.0,6.7,Cloudy
2024-02-23,Boston,39.7,30.2,0.0,1.8,Rainy
2024-02-23,Seattle,44.8,23.6,0.0,3.8,Rainy
2024-02-23,Miami,74.1,56.1,1.55,6.2,Cloudy
2024-02-23,Phoenix,77.5,58.4,0.0,12.1,Cloudy
2024-02-24,Boston,38.6,27.1,2.02,8.9,Rainy
2024-02-24,Seattle,51.9,37.2,1.42,7.1,Sunny
2024-02-24,Miami,79.5,59.7,0.0,2.3,Sunny
2024-02-24,Phoenix,70.8,45.7,1.89,6.4,Sunny
2024-02-25,Boston,40.4,20.7,0.0,7.1,Cloudy
2024-02-25,Seattle,54.1,36.8,1.08,15.4,Sunny
2024-02-25,Miami,81.4,64.0,0.25,5.0,Rainy
2024-02-25,Phoenix,70.0,45.9,0.0,3.1,Sunny
2024-02-26,Boston,40.7,17.8,0.0,8.7,Sunny
2024-02-26,Seattle,52.7,29.8,0.0,11.0,Snowy
2024-02-26,Miami,76.7,56.0,0.0,7.2,Sunny
2024-02-26,Phoenix,61.5,37.0,0.0,4.8,Sunny
2024-02-27,Boston,36.5,18.8,0.0,16.7,Cloudy
2024-02-27,Seattle,54.2,26.1,0.0,21.9,Cloudy
2024-02-27,Miami,71.1,43.6,1.48,12.4,Foggy
2024-02-27,Phoenix,65.3,38.7,0.0,7.7,Sunny
2024-02-28,Boston,40.4,21.4,0.0,15.8,Cloudy
2024-02-28,Seattle,48.1,26.7,0.0,13.7,Cloudy
2024-02-28,Miami,80.1,54.2,0.7,26.0,Cloudy
2024-02-28,Phoenix,74.0,51.9,0.0,9.3,Sunny
2024-02-29,Boston,41.1,26.7,0.11,10.9,Snowy
2024-02-29,Seattle,44.2,25.2,1.82,14.2,Rainy
2024-02-29,Miami,78.0,60.7,0.6,25.8,Cloudy
2024-02-29,Phoenix,72.8,59.2,0.2,11.9,Sunny
2024-03-01,Boston,54.6,35.2,0.0,5.6,Snowy
2024-03-01,Seattle,54.2,32.0,1.58,3.6,Rainy
2024-03-01,Miami,71.2,56.9,0.0,25.2,Rainy
2024-03-01,Phoenix,71.1,47.4,0.0,17.9,Sunny
2024-03-02,Boston,56.1,30.5,0.0,5.9,Sunny
2024-03-02,Seattle,55.4,34.0,0.57,3.5,Sunny
2024-03-02,Miami,74.1,57.4,0.0,2.4,Sunny
2024-03-02,Phoenix,78.6,60.4,2.18,10.4,Sunny
2024-03-03,Boston,46.3,40.3,0.52,8.0,Rainy
2024-03-03,Seattle,50.1,26.1,0.0,7.9,Sunny
2024-03-03,Miami,82.3,65.1,0.0,9.0,Cloudy
2024-03-03,Phoenix,78.0,62.8,0.0,6.9,Sunny
2024-03-04,Boston,49.0,24.2,2.3,6.5,Sunny
2024-03-04,Seattle,52.9,34.7,0.0,7.6,Rainy
2024-03-04,Miami,77.3,57.8,0.0,11.2,Sunny
2024-03-04,Phoenix,67.8,56.9,0.57,9.6,Sunny
2024-03-05,Boston,51.3,29.9,0.0,3.5,Sunny
2024-03-05,Seattle,43.2,21.3,0.0,17.9,Cloudy
2024-03-05,Miami,69.3,48.6,0.0,10.0,Sunny
2024-03-05,Phoenix,77.1,58.1,0.0,7.7,Sunny
2024-03-06,Boston,46.3,29.8,0.0,15.0,Rainy
2024-03-06,Seattle,58.0,46.1,0.0,14.2,Rainy
2024-03-06,Miami,76.6,60.4,2.08,9.8,Sunny
2024-03-06,Phoenix,73.3,54.5,0.0,13.8,Sunny
2024-03-07,Boston,48.7,28.9,0.0,5.2,Sunny
2024-03-07,Seattle,57.3,45.9,0.0,4.7,Cloudy
2024-03-07,Miami,77.6,57.4,0.0,9.2,Sunny
2024-03-07,Phoenix,73.6,61.0,0.65,10.1,Sunny
2024-03-08,Boston,39.0,21.3,0.0,7.4,Sunny
2024-03-08,Seattle,49.6,32.7,0.0,10.4,Cloudy
2024-03-08,Miami,79.4,57.8,0.0,9.9,Cloudy
2024-03-08,Phoenix,82.6,61.1,0.0,7.6,Sunny
2024-03-09,Boston,44.6,26.3,0.0,3.3,Sunny
2024-03-09,Seattle,48.2,34.3,0.0,8.2,Rainy
2024-03-09,Miami,80.4,69.5,0.08,22.6,Rainy
2024-03-09,Phoenix,76.5,53.8,0.0,3.2,Sunny
2024-03-10,Boston,45.2,25.2,0.0,3.5,Sunny
2024-03-10,Seattle,44.9,19.7,0.0,6.1,Sunny
2024-03-10,Miami,79.6,56.6,1.11,11.9,Sunny
2024-03-10,Phoenix,76.9,52.9,0.0,8.6,Cloudy
2024-03-11,Boston,46.7,21.5,0.0,9.5,Cloudy
2024-03-11,Seattle,53.3,30.4,0.0,9.8,Rainy
2024-03-11,Miami,81.3,59.0,0.0,10.0,Foggy
2024-03-11,Phoenix,79.2,54.4,0.51,17.2,Sunny
2024-03-12,Boston,40.4,23.7,0.0,6.2,Sunny
2024-03-12,Seattle,54.9,34.9,0.49,14.1,Rainy
2024-03-12,Miami,76.7,53.8,0.0,5.1,Sunny
2024-03-12,Phoenix,78.1,60.5,0.0,11.4,Cloudy
2024-03-13,Boston,48.0,27.6,0.0,11.7,Sunny
2024-03-13,Seattle,56.3,25.7,0.0,6.0,Cloudy
2024-03-13,Miami,78.2,50.2,0.0,15.0,Sunny
2024-03-13,Phoenix,77.2,52.0,0.0,7.1,Cloudy
2024-03-14,Boston,56.0,32.6,0.0,3.8,Rainy
2024-03-14,Seattle,61.6,36.8,0.0,9.2,Sunny
2024-03-14,Miami,82.0,73.3,0.0,2.5,Cloudy
2024-03-14,Phoenix,75.6,46.5,0.0,8.6,Rainy
2024-03-15,Boston,47.3,25.6,0.92,15.1,Cloudy
2024-03-15,Seattle,54.6,33.3,0.0,4.7,Cloudy
2024-03-15,Miami,79.8,69.6,0.0,14.4,Cloudy
2024-03-15,Phoenix,65.6,54.9,0.0,2.5,Sunny
2024-03-16,Boston,48.0,26.0,0.0,3.9,Cloudy
2024-03-16,Seattle,60.9,45.9,0.0,8.5,Cloudy
2024-03-16,Miami,74.4,43.7,1.18,2.3,Cloudy
2024-03-16,Phoenix,83.9,58.0,0.0,3.4,Sunny
2024-03-17,Boston,44.7,20.4,0.0,7.8,Sunny
2024-03-17,Seattle,57.4,37.1,0.0,8.0,Sunny
2024-03-17,Miami,79.5,52.3,0.0,4.4,Sunny
2024-03-17,Phoenix,81.7,62.6,0.0,8.0,Sunny
2024-03-18,Boston,51.1,28.2,0.23,18.1,Sunny
2024-03-18,Seattle,46.9,23.0,0.0,3.7,Cloudy
2024-03-18,Miami,81.2,67.1,0.0,11.3,Rainy
2024-03-18,Phoenix,73.5,54.2,0.0,4.3,Cloudy
2024-03-19,Boston,43.8,29.7,2.28,12.8,Sunny
2024-03-19,Seattle,57.2,34.0,0.0,5.2,Cloudy
2024-03-19,Miami,79.2,54.2,0.0,17.6,Sunny
2024-03-19,Phoenix,75.4,57.7,0.0,6.3,Sunny
2024-03-20,Boston,44.8,22.1,0.41,20.3,Rainy
2024-03-20,Seattle,52.5,35.0,0.0,5.5,Rainy
2024-03-20,Miami,82.6,58.6,0.0,4.0,Sunny
2024-03-20,Phoenix,67.0,53.0,0.0,2.8,Sunny
2024-03-21,Boston,56.4,38.4,1.51,19.0,Cloudy
2024-03-21,Seattle,51.3,31.9,0.0,5.5,Rainy
2024-03-21,Miami,69.2,51.2,0.0,10.0,Cloudy
2024-03-21,Phoenix,69.5,51.0,0.0,4.5,Sunny
2024-03-22,Boston,57.6,33.1,0.0,4.5,Cloudy
2024-03-22,Seattle,59.7,51.2,0.0,4.5,Sunny
2024-03-22,Miami,81.2,59.7,0.47,5.8,Sunny
2024-03-22,Phoenix,77.3,51.3,0.0,4.9,Sunny
2024-03-23,Boston,52.5,32.6,0.0,4.8,Snowy
2024-03-23,Seattle,54.3,42.2,1.55,15.1,Foggy
2024-03-23,Miami,82.0,56.9,0.0,8.6,Foggy
2024-03-23,Phoenix,73.1,53.8,0.84,8.8,Sunny
2024-03-24,Boston,43.1,21.6,0.0,6.2,Sunny
2024-03-24,Seattle,46.7,23.5,0.46,4.9,Cloudy
2024-03-24,Miami,91.9,73.0,0.0,8.6,Sunny
2024-03-24,Phoenix,72.3,55.9,0.0,3.0,Sunny
2024-03-25,Boston,56.4,34.3,0.0,11.6,Rainy
2024-03-25,Seattle,53.5,27.5,0.0,19.3,Cloudy
2024-03-25,Miami,84.4,68.5,0.0,5.4,Cloudy
2024-03-25,Phoenix,74.9,57.8,0.0,12.5,Sunny
2024-03-26,Boston,50.4,42.1,0.0,6.9,Sunny
2024-03-26,Seattle,60.3,41.3,0.0,8.1,Cloudy
2024-03-26,Miami,71.7,45.3,1.71,4.7,Rainy
2024-03-26,Phoenix,68.3,61.7,0.0,23.6,Rainy
2024-03-27,Boston,46.7,27.8,0.0,26.2,Cloudy
2024-03-27,Seattle,61.5,40.8,0.0,10.1,Rainy
2024-03-27,Miami,87.7,62.6,0.0,24.5,Sunny
2024-03-27,Phoenix,80.4,62.3,0.0,12.1,Sunny
2024-03-28,Boston,49.3,26.6,0.0,11.6,Snowy
2024-03-28,Seattle,53.2,30.8,0.0,10.5,Rainy
2024-03-28,Miami,77.4,59.0,2.02,6.0,Rainy
2024-03-28,Phoenix,84.6,64.7,0.0,5.2,Sunny
2024-03-29,Boston,49.8,34.3,0.86,7.6,Cloudy
2024-03-29,Seattle,52.7,34.4,0.0,11.5,Rainy
2024-03-29,Miami,87.4,70.6,0.0,13.1,Cloudy
2024-03-29,Phoenix,69.9,44.0,0.0,7.3,Sunny
2024-03-30,Boston,42.1,18.2,0.0,3.1,Cloudy
2024-03-30,Seattle,54.3,31.0,1.26,10.4,Rainy
2024-03-30,Miami,79.8,62.2,0.0,7.4,Cloudy
2024-03-30,Phoenix,73.2,55.5,2.03,6.7,Sunny
2024-03-31,Boston,49.7,35.1,0.0,15.2,Sunny
2024-03-31,Seattle,56.3,34.7,0.0,1.8,Cloudy
2024-03-31,Miami,82.7,59.8,0.0,5.5,Cloudy
2024-03-31,Phoenix,79.5,58.9,0.76,10.0,Sunny
2024-04-01,Boston,55.7,33.4,0.0,11.1,Sunny
2024-04-01,Seattle,69.7,45.7,0.0,7.9,Cloudy
2024-04-01,Miami,86.0,73.1,0.0,4.8,Rainy
2024-04-01,Phoenix,84.7,54.7,0.0,13.0,Sunny
2024-04-02,Boston,60.2,36.9,1.51,21.8,Cloudy
2024-04-02,Seattle,61.2,40.9,0.0,4.5,Foggy
2024-04-02,Miami,82.1,60.5,0.0,17.8,Sunny
2024-04-02,Phoenix,76.0,61.2,0.0,5.8,Sunny
2024-04-03,Boston,53.3,43.1,0.0,9.4,Snowy
2024-04-03,Seattle,60.5,38.1,0.0,7.3,Cloudy
2024-04-03,Miami,83.6,65.0,0.0,20.3,Cloudy
2024-04-03,Phoenix,81.5,62.3,0.0,9.9,Sunny
2024-04-04,Boston,55.3,39.4,0.0,4.1,Rainy
2024-04-04,Seattle,53.8,29.0,0.0,21.0,Rainy
2024-04-04,Miami,86.3,67.4,0.0,5.5,Sunny
2024-04-04,Phoenix,81.9,57.8,0.0,6.8,Sunny
2024-04-05,Boston,61.7,39.4,1.68,12.7,Sunny
2024-04-05,Seattle,59.7,42.2,0.0,14.7,Rainy
2024-04-05,Miami,85.0,56.7,0.0,9.9,Cloudy
2024-04-05,Phoenix,75.1,60.0,0.0,11.7,Sunny
2024-04-06,Boston,51.2,28.1,1.07,20.2,Rainy
2024-04-06,Seattle,62.0,39.8,1.51,8.9,Cloudy
2024-04-06,Miami,74.4,49.6,0.0,10.6,Rainy
2024-04-06,Phoenix,87.1,63.5,0.0,4.1,Sunny
2024-04-07,Boston,56.9,25.6,0.0,16.7,Cloudy
2024-04-07,Seattle,53.8,37.9,0.0,20.1,Sunny
2024-04-07,Miami,87.1,63.5,0.0,7.6,Rainy
2024-04-07,Phoenix,85.3,68.9,0.0,15.5,Cloudy
2024-04-08,Boston,63.7,36.2,0.0,22.0,Cloudy
2024-04-08,Seattle,54.3,22.8,0.0,17.5,Foggy
2024-04-08,Miami,82.7,60.8,0.0,21.8,Sunny
2024-04-08,Phoenix,86.6,66.1,0.0,5.0,Sunny
2024-04-09,Boston,48.6,30.5,0.0,8.5,Sunny
2024-04-09,Seattle,51.8,25.3,0.0,6.6,Cloudy
2024-04-09,Miami,74.1,46.6,1.0,5.8,Sunny
2024-04-09,Phoenix,90.9,74.3,0.0,10.9,Sunny
2024-04-10,Boston,58.6,45.1,0.0,16.9,Snowy
2024-04-10,Seattle,56.6,36.9,2.46,9.4,Rainy
2024-04-10,Miami,83.8,60.2,0.0,11.6,Sunny
2024-04-10,Phoenix,81.6,60.5,1.14,9.3,Sunny
2024-04-11,Boston,52.5,34.4,0.0,15.2,Rainy
2024-04-11,Seattle,66.6,49.5,0.0,4.0,Rainy
2024-04-11,Miami,84.4,60.0,1.22,6.2,Sunny
2024-04-11,Phoenix,86.0,61.4,0.0,13.1,Sunny
2024-04-12,Boston,63.2,45.5,0.0,10.9,Sunny
2024-04-12,Seattle,57.7,39.2,0.0,1.6,Cloudy
2024-04-12,Miami,83.7,65.4,0.0,6.5,Sunny
2024-04-12,Phoenix,96.4,73.8,0.0,5.8,Cloudy
2024-04-13,Boston,53.3,34.5,0.0,2.6,Rainy
2024-04-13,Seattle,57.7,37.6,0.33,22.0,Rainy
2024-04-13,Miami,84.8,74.9,1.03,2.6,Sunny
2024-04-13,Phoenix,84.0,61.1,0.0,12.8,Sunny
2024-04-14,Boston,59.4,38.8,0.0,9.4,Sunny
2024-04-14,Seattle,64.5,43.0,0.0,4.6,Cloudy
2024-04-14,Miami,84.5,66.6,0.0,7.6,Sunny
2024-04-14,Phoenix,85.6,66.8,1.68,9.0,Sunny
2024-04-15,Boston,57.5,45.2,0.0,4.7,Rainy
2024-04-15,Seattle,56.5,40.3,0.0,13.0,Cloudy
2024-04-15,Miami,79.2,58.4,0.0,5.8,Cloudy
2024-04-15,Phoenix,82.0,51.9,0.77,16.5,Foggy
2024-04-16,Boston,54.1,19.5,0.0,2.5,Cloudy
2024-04-16,Seattle,67.9,50.2,0.0,3.9,Sunny
2024-04-16,Miami,91.0,76.4,0.0,3.7,Rainy
2024-04-16,Phoenix,76.6,51.6,0.0,9.4,Sunny
2024-04-17,Boston,57.5,35.1,1.65,4.4,Cloudy
2024-04-17,Seattle,50.4,25.9,0.0,10.2,Rainy
2024-04-17,Miami,81.3,59.6,0.0,6.8,Cloudy
2024-04-17,Phoenix,83.1,55.4,0.0,8.0,Sunny
2024-04-18,Boston,58.0,33.5,0.0,3.3,Sunny
2024-04-18,Seattle,55.4,27.2,0.0,5.7,Cloudy
2024-04-18,Miami,83.9,70.6,0.0,7.0,Rainy
2024-04-18,Phoenix,91.7,65.2,0.06,5.5,Cloudy
2024-04-19,Boston,55.1,34.6,0.0,5.6,Rainy
2024-04-19,Seattle,57.9,37.5,0.0,7.8,Cloudy
2024-04-19,Miami,78.2,49.6,0.0,1.5,Cloudy
2024-04-19,Phoenix,83.2,65.3,1.62,5.5,Sunny
2024-04-20,Boston,62.4,42.4,1.18,3.9,Cloudy
2024-04-20,Seattle,63.6,47.9,0.86,3.6,Cloudy
2024-04-20,Miami,83.5,65.2,0.0,17.9,Sunny
2024-04-20,Phoenix,86.2,67.0,0.0,1.1,Foggy
2024-04-21,Boston,64.8,39.8,0.0,12.1,Cloudy
2024-04-21,Seattle,51.2,29.1,0.0,4.0,Sunny
2024-04-21,Miami,88.3,76.3,0.0,4.4,Cloudy
2024-04-21,Phoenix,83.8,63.7,0.53,8.3,Sunny
2024-04-22,Boston,57.2,39.5,0.0,2.7,Cloudy
2024-04-22,Seattle,66.0,47.6,0.98,7.3,Foggy
2024-04-22,Miami,86.1,56.9,0.0,9.7,Cloudy
2024-04-22,Phoenix,83.3,69.8,0.0,9.3,Sunny
2024-04-23,Boston,55.1,34.1,0.0,4.6,Rainy
2024-04-23,Seattle,57.9,35.3,0.0,5.1,Rainy
2024-04-23,Miami,79.0,53.3,0.0,15.2,Rainy
2024-04-23,Phoenix,86.7,67.7,0.42,10.8,Sunny
2024-04-24,Boston,55.8,31.0,0.0,10.2,Cloudy
2024-04-24,Seattle,57.7,38.7,1.47,7.4,Sunny
2024-04-24,Miami,86.9,65.4,0.0,2.6,Sunny
2024-04-24,Phoenix,79.4,54.1,0.0,10.2,Cloudy
2024-04-25,Boston,54.2,39.2,2.16,6.7,Cloudy
2024-04-25,Seattle,55.9,32.9,0.0,9.0,Foggy
2024-04-25,Miami,83.4,66.0,0.97,19.8,Sunny
2024-04-25,Phoenix,89.8,73.1,0.0,6.6,Sunny
2024-04-26,Boston,63.6,40.7,1.64,14.2,Cloudy
2024-04-26,Seattle,62.3,46.6,1.21,3.5,Rainy
2024-04-26,Miami,74.2,57.0,0.0,10.4,Sunny
2024-04-26,Phoenix,89.4,62.0,0.0,5.2,Sunny
2024-04-27,Boston,59.9,40.9,0.0,7.9,Rainy
2024-04-27,Seattle,69.0,54.6,1.23,10.3,Cloudy
2024-04-27,Miami,92.3,78.5,1.58,9.2,Sunny
2024-04-27,Phoenix,83.9,59.8,0.0,15.8,Sunny
2024-04-28,Boston,47.9,30.1,0.0,11.8,Snowy
2024-04-28,Seattle,56.0,31.6,0.0,16.7,Rainy
2024-04-28,Miami,80.0,53.8,0.0,2.7,Sunny
2024-04-28,Phoenix,84.9,70.8,1.06,14.7,Sunny
2024-04-29,Boston,58.6,33.4,2.09,7.2,Rainy
2024-04-29,Seattle,67.8,52.8,0.0,10.5,Sunny
2024-04-29,Miami,73.9,44.6,0.0,17.0,Sunny
2024-04-29,Phoenix,90.5,71.8,0.0,13.5,Sunny
2024-04-30,Boston,61.2,38.4,0.0,10.5,Sunny
2024-04-30,Seattle,62.3,49.5,0.0,9.6,Sunny
2024-04-30,Miami,85.3,76.8,0.0,2.5,Foggy
2024-04-30,Phoenix,81.6,65.1,0.0,4.9,Sunny
2024-05-01,Boston,68.5,56.3,0.0,9.5,Sunny
2024-05-01,Seattle,66.6,40.6,0.0,6.2,Cloudy
2024-05-01,Miami,87.3,69.8,0.0,5.3,Cloudy
2024-05-01,Phoenix,91.3,66.2,0.0,5.6,Sunny
2024-05-02,Boston,65.2,55.3,0.0,12.9,Sunny
2024-05-02,Seattle,66.0,40.5,1.44,10.9,Rainy
2024-05-02,Miami,84.0,65.6,0.0,5.0,Foggy
2024-05-02,Phoenix,89.8,74.2,0.0,10.9,Sunny
2024-05-03,Boston,61.6,36.1,0.0,3.6,Sunny
2024-05-03,Seattle,71.0,53.7,0.0,13.4,Rainy
2024-05-03,Miami,85.7,62.1,0.0,6.7,Sunny
2024-05-03,Phoenix,95.2,77.9,0.0,6.3,Sunny
2024-05-04,Boston,69.7,48.5,0.0,11.8,Rainy
2024-05-04,Seattle,65.5,43.9,0.0,5.7,Sunny
2024-05-04,Miami,82.8,67.8,0.0,8.2,Sunny
2024-05-04,Phoenix,88.7,66.8,0.0,12.4,Sunny
2024-05-05,Boston,56.0,40.6,0.0,17.5,Cloudy
2024-05-05,Seattle,56.5,36.6,1.19,4.9,Cloudy
2024-05-05,Miami,82.6,66.5,0.1,8.5,Cloudy
2024-05-05,Phoenix,98.0,81.7,0.0,8.8,Sunny
2024-05-06,Boston,73.0,50.7,0.66,6.6,Sunny
2024-05-06,Seattle,66.7,55.7,0.0,9.4,Rainy
2024-05-06,Miami,82.2,58.3,0.0,6.5,Sunny
2024-05-06,Phoenix,101.9,78.2,0.0,5.0,Sunny
2024-05-07,Boston,72.1,52.4,0.0,5.2,Sunny
2024-05-07,Seattle,60.2,35.5,0.0,22.4,Rainy
2024-05-07,Miami,90.8,75.9,0.0,7.7,Sunny
2024-05-07,Phoenix,94.0,74.7,0.0,16.7,Sunny
2024-05-08,Boston,74.0,45.7,0.0,7.8,Cloudy
2024-05-08,Seattle,62.5,49.4,0.0,4.9,Cloudy
2024-05-08,Miami,84.4,63.7,0.0,2.3,Sunny
2024-05-08,Phoenix,102.0,83.6,0.0,10.8,Sunny
2024-05-09,Boston,80.2,62.1,0.0,7.9,Sunny
2024-05-09,Seattle,62.9,45.1,0.0,4.9,Rainy
2024-05-09,Miami,89.4,70.2,0.0,24.5,Sunny
2024-05-09,Phoenix,95.2,71.0,0.0,6.9,Sunny
2024-05-10,Boston,64.9,49.7,2.3,7.5,Sunny
2024-05-10,Seattle,72.3,47.9,1.16,4.6,Cloudy
2024-05-10,Miami,94.1,63.2,0.0,5.4,Sunny
2024-05-10,Phoenix,96.9,76.2,0.0,13.5,Sunny
2024-05-11,Boston,61.3,40.9,0.0,4.3,Sunny
2024-05-11,Seattle,61.2,43.3,0.0,13.4,Rainy
2024-05-11,Miami,91.1,69.3,0.0,6.6,Rainy
2024-05-11,Phoenix,96.1,71.6,0.0,3.6,Sunny
2024-05-12,Boston,61.7,38.2,2.4,12.9,Rainy
2024-05-12,Seattle,56.0,36.8,2.32,13.5,Sunny
2024-05-12,Miami,87.8,67.4,0.0,2.9,Sunny
2024-05-12,Phoenix,89.7,69.1,0.0,4.0,Sunny
2024-05-13,Boston,74.1,49.9,1.74,4.9,Sunny
2024-05-13,Seattle,61.0,39.4,0.0,9.2,Rainy
2024-05-13,Miami,87.8,70.8,0.0,10.5,Foggy
2024-05-13,Phoenix,91.5,78.2,1.28,12.3,Cloudy
2024-05-14,Boston,67.6,41.4,0.0,5.4,Rainy
2024-05-14,Seattle,64.2,45.8,0.52,8.4,Sunny
2024-05-14,Miami,83.9,57.5,0.0,12.1,Sunny
2024-05-14,Phoenix,95.7,79.3,0.0,2.5,Cloudy
2024-05-15,Boston,73.3,50.2,0.0,10.6,Snowy
2024-05-15,Seattle,64.2,38.9,0.0,3.2,Cloudy
2024-05-15,Miami,86.3,60.5,0.0,7.0,Sunny
2024-05-15,Phoenix,92.6,71.5,2.48,8.6,Rainy
2024-05-16,Boston,67.1,45.1,0.0,3.4,Rainy
2024-05-16,Seattle,61.8,41.8,0.0,16.6,Rainy
2024-05-16,Miami,88.2,72.7,0.0,8.9,Sunny
2024-05-16,Phoenix,95.3,63.5,0.0,11.5,Sunny
2024-05-17,Boston,66.0,40.2,0.0,12.6,Cloudy
2024-05-17,Seattle,65.6,45.4,0.0,4.6,Rainy
2024-05-17,Miami,91.9,65.2,0.0,5.2,Sunny
2024-05-17,Phoenix,98.5,78.8,0.0,2.5,Rainy
2024-05-18,Boston,72.4,52.6,0.0,7.2,Sunny
2024-05-18,Seattle,66.4,47.4,0.0,6.9,Cloudy
2024-05-18,Miami,80.7,61.6,0.0,14.5,Foggy
2024-05-18,Phoenix,99.4,71.9,0.0,7.2,Sunny
2024-05-19,Boston,68.9,58.6,0.0,7.5,Snowy
2024-05-19,Seattle,60.3,31.2,1.27,10.2,Cloudy
2024-05-19,Miami,90.5,76.6,0.97,4.2,Sunny
2024-05-19,Phoenix,96.4,82.3,0.0,10.2,Cloudy
2024-05-20,Boston,67.0,36.1,0.0,5.3,Rainy
2024-05-20,Seattle,67.1,51.4,1.37,14.4,Rainy
2024-05-20,Miami,85.0,62.0,0.0,6.1,Sunny
2024-05-20,Phoenix,107.8,88.8,0.18,8.8,Cloudy
2024-05-21,Boston,74.8,62.3,0.0,10.4,Cloudy
2024-05-21,Seattle,64.8,38.6,0.21,20.6,Cloudy
2024-05-21,Miami,92.9,75.9,0.0,4.3,Rainy
2024-05-21,Phoenix,86.3,64.5,0.0,16.1,Sunny
2024-05-22,Boston,67.4,43.4,0.0,4.9,Rainy
2024-05-22,Seattle,56.6,34.1,0.81,15.9,Rainy
2024-05-22,Miami,76.8,58.3,0.31,15.2,Sunny
2024-05-22,Phoenix,89.6,62.8,0.0,11.4,Sunny
2024-05-23,Boston,71.8,52.4,0.0,20.6,Rainy
2024-05-23,Seattle,67.3,39.0,0.0,21.3,Cloudy
2024-05-23,Miami,89.4,71.0,0.0,8.7,Rainy
2024-05-23,Phoenix,96.8,67.1,0.0,7.2,Sunny
2024-05-24,Boston,73.1,60.6,0.0,8.7,Sunny
2024-05-24,Seattle,68.4,51.5,0.0,4.4,Rainy
2024-05-24,Miami,79.8,62.8,0.0,11.4,Cloudy
2024-05-24,Phoenix,94.8,71.4,0.0,12.3,Rainy
2024-05-25,Boston,66.0,53.4,1.57,14.3,Cloudy
2024-05-25,Seattle,65.3,46.5,0.0,7.0,Cloudy
2024-05-25,Miami,86.4,61.9,0.0,7.3,Sunny
2024-05-25,Phoenix,92.1,79.0,1.92,16.4,Rainy
2024-05-26,Boston,78.9,73.2,0.0,9.4,Sunny
2024-05-26,Seattle,71.2,53.9,0.88,5.5,Sunny
2024-05-26,Miami,95.4,68.8,2.22,7.6,Sunny
2024-05-26,Phoenix,89.1,68.2,0.0,7.9,Sunny
2024-05-27,Boston,58.7,44.3,0.0,8.0,Cloudy
2024-05-27,Seattle,59.7,42.5,0.0,6.5,Sunny
2024-05-27,Miami,89.9,67.5,0.0,8.0,Cloudy
2024-05-27,Phoenix,94.7,71.0,0.0,4.5,Sunny
2024-05-28,Boston,69.7,49.3,0.0,12.6,Cloudy
2024-05-28,Seattle,66.2,48.5,0.0,3.7,Rainy
2024-05-28,Miami,97.0,81.4,0.0,4.6,Cloudy
2024-05-28,Phoenix,91.9,76.0,0.0,16.9,Rainy
2024-05-29,Boston,63.6,52.2,0.0,4.5,Sunny
2024-05-29,Seattle,63.3,42.5,0.0,4.1,Sunny
2024-05-29,Miami,88.5,64.4,0.0,6.1,Cloudy
2024-05-29,Phoenix,99.5,78.9,0.16,9.6,Sunny
2024-05-30,Boston,70.8,53.0,0.0,7.9,Rainy
2024-05-30,Seattle,64.8,42.4,0.0,13.9,Cloudy
2024-05-30,Miami,91.4,79.6,2.22,8.1,Rainy
2024-05-30,Phoenix,97.5,80.3,0.0,4.3,Sunny
2024-05-31,Boston,71.4,49.9,0.0,19.1,Sunny
2024-05-31,Seattle,64.6,39.3,0.0,5.1,Sunny
2024-05-31,Miami,86.4,62.1,0.0,8.1,Sunny
2024-05-31,Phoenix,93.7,74.6,0.55,6.1,Rainy
2024-06-01,Boston,78.4,51.0,0.13,21.7,Cloudy
2024-06-01,Seattle,62.9,36.9,0.0,10.1,Sunny
2024-06-01,Miami,80.6,66.2,1.96,7.9,Rainy
2024-06-01,Phoenix,102.1,80.0,0.0,4.0,Rainy
2024-06-02,Boston,71.6,54.9,0.0,2.4,Sunny
2024-06-02,Seattle,77.5,61.3,0.0,14.2,Sunny
2024-06-02,Miami,87.6,68.5,0.0,4.3,Foggy
2024-06-02,Phoenix,96.8,82.6,0.0,7.3,Cloudy
2024-06-03,Boston,81.7,58.3,0.0,7.6,Cloudy
2024-06-03,Seattle,67.1,50.6,0.0,12.3,Cloudy
2024-06-03,Miami,92.6,84.4,0.0,6.4,Rainy
2024-06-03,Phoenix,110.7,94.7,0.0,8.9,Rainy
2024-06-04,Boston,71.7,44.8,1.72,13.5,Sunny
2024-06-04,Seattle,71.4,55.2,0.0,12.2,Sunny
2024-06-04,Miami,93.5,68.5,0.0,8.0,Sunny
2024-06-04,Phoenix,96.8,74.0,0.0,8.5,Rainy
2024-06-05,Boston,79.5,64.1,0.0,19.1,Sunny
2024-06-05,Seattle,72.6,52.1,1.78,15.1,Rainy
2024-06-05,Miami,90.1,67.7,0.0,11.1,Sunny
2024-06-05,Phoenix,109.0,88.8,0.0,7.2,Cloudy
2024-06-06,Boston,74.7,57.1,0.0,12.6,Cloudy
2024-06-06,Seattle,66.5,42.0,0.0,14.7,Sunny
2024-06-06,Miami,84.2,61.8,0.0,21.8,Cloudy
2024-06-06,Phoenix,104.5,75.4,0.0,9.5,Rainy
2024-06-07,Boston,83.4,63.4,0.0,8.8,Rainy
2024-06-07,Seattle,74.7,58.1,0.25,12.4,Cloudy
2024-06-07,Miami,85.2,59.4,0.0,1.9,Foggy
2024-06-07,Phoenix,100.6,82.2,0.0,9.9,Sunny
2024-06-08,Boston,81.1,59.6,2.11,10.1,Cloudy
2024-06-08,Seattle,74.9,56.1,0.0,4.2,Rainy
2024-06-08,Miami,94.0,64.9,0.0,7.3,Sunny
2024-06-08,Phoenix,104.5,80.8,0.86,18.4,Sunny
2024-06-09,Boston,84.4,64.9,0.0,4.6,Foggy
2024-06-09,Seattle,71.2,50.1,0.0,6.1,Sunny
2024-06-09,Miami,92.6,67.0,0.42,16.7,Sunny
2024-06-09,Phoenix,96.5,79.0,0.0,21.9,Sunny
2024-06-10,Boston,82.1,64.5,0.0,9.1,Sunny
2024-06-10,Seattle,66.6,53.9,0.16,9.6,Sunny
2024-06-10,Miami,93.2,78.3,0.0,8.6,Rainy
2024-06-10,Phoenix,95.9,72.5,0.0,7.2,Rainy
2024-06-11,Boston,84.4,64.8,2.04,6.9,Cloudy
2024-06-11,Seattle,68.9,53.3,0.0,5.1,Sunny
2024-06-11,Miami,92.2,69.8,0.0,4.4,Rainy
2024-06-11,Phoenix,104.6,82.3,0.0,20.6,Sunny
2024-06-12,Boston,75.8,59.5,0.0,11.1,Foggy
2024-06-12,Seattle,73.3,59.8,0.69,14.3,Sunny
2024-06-12,Miami,97.8,75.9,0.0,7.6,Cloudy
2024-06-12,Phoenix,107.0,85.5,0.0,7.9,Sunny
2024-06-13,Boston,75.4,50.7,0.0,2.3,Cloudy
2024-06-13,Seattle,70.5,40.3,2.39,10.3,Sunny
2024-06-13,Miami,90.9,74.7,1.42,11.9,Sunny
2024-06-13,Phoenix,101.7,77.8,0.0,9.2,Rainy
2024-06-14,Boston,78.2,62.5,2.28,10.6,Rainy
2024-06-14,Seattle,74.9,55.1,0.72,3.9,Sunny
2024-06-14,Miami,86.1,63.4,0.0,6.6,Rainy
2024-06-14,Phoenix,95.6,80.7,0.0,1.5,Sunny
2024-06-15,Boston,74.2,53.8,1.82,16.5,Sunny
2024-06-15,Seattle,70.3,47.2,0.0,9.5,Sunny
2024-06-15,Miami,91.2,74.8,0.0,24.9,Sunny
2024-06-15,Phoenix,100.7,81.4,0.0,3.3,Rainy
2024-06-16,Boston,84.5,67.7,0.0,6.9,Sunny
2024-06-16,Seattle,72.1,48.7,0.0,8.4,Sunny
2024-06-16,Miami,87.7,63.4,0.0,16.6,Sunny
2024-06-16,Phoenix,103.4,84.4,1.35,8.7,Sunny
2024-06-17,Boston,80.0,56.5,0.2,2.7,Cloudy
2024-06-17,Seattle,62.6,38.7,0.28,3.1,Foggy
2024-06-17,Miami,90.1,70.6,1.76,4.5,Rainy
2024-06-17,Phoenix,99.6,71.8,2.29,9.1,Rainy
2024-06-18,Boston,74.7,58.9,0.0,2.9,Sunny
2024-06-18,Seattle,65.5,37.3,0.0,5.5,Sunny
2024-06-18,Miami,91.5,74.0,0.0,5.3,Foggy
2024-06-18,Phoenix,101.9,86.9,0.0,5.3,Sunny
2024-06-19,Boston,79.0,67.7,2.22,5.9,Sunny
2024-06-19,Seattle,67.9,38.9,0.0,15.3,Foggy
2024-06-19,Miami,94.1,74.5,0.0,3.2,Cloudy
2024-06-19,Phoenix,104.1,78.8,0.0,2.5,Sunny
2024-06-20,Boston,68.1,43.2,0.0,3.5,Sunny
2024-06-20,Seattle,66.1,47.3,0.0,7.1,Sunny
2024-06-20,Miami,90.7,76.8,0.0,8.3,Sunny
2024-06-20,Phoenix,108.4,89.2,0.0,13.4,Rainy
2024-06-21,Boston,81.9,58.3,0.0,11.5,Cloudy
2024-06-21,Seattle,72.5,50.2,0.0,15.3,Sunny
2024-06-21,Miami,88.4,77.9,0.0,8.9,Rainy
2024-06-21,Phoenix,96.2,80.3,0.0,9.3,Sunny
2024-06-22,Boston,76.6,57.1,0.0,7.9,Rainy
2024-06-22,Seattle,74.9,58.5,2.18,11.9,Sunny
2024-06-22,Miami,86.0,76.9,0.0,10.8,Sunny
2024-06-22,Phoenix,102.2,82.1,0.0,7.8,Sunny
2024-06-23,Boston,92.3,74.7,0.52,5.5,Foggy
2024-06-23,Seattle,64.0,40.7,1.12,11.7,Cloudy
2024-06-23,Miami,86.4,64.9,0.0,9.9,Sunny
2024-06-23,Phoenix,99.0,77.9,0.14,11.9,Rainy
2024-06-24,Boston,76.0,52.1,0.0,5.4,Sunny
2024-06-24,Seattle,68.1,58.2,0.0,3.3,Cloudy
2024-06-24,Miami,91.9,77.6,0.0,8.9,Cloudy
2024-06-24,Phoenix,103.9,85.3,0.0,9.1,Cloudy
2024-06-25,Boston,80.3,59.2,0.0,2.5,Cloudy
2024-06-25,Seattle,73.6,56.7,1.77,16.3,Cloudy
2024-06-25,Miami,97.5,81.8,0.0,8.5,Sunny
2024-06-25,Phoenix,93.6,72.6,1.46,8.5,Sunny
2024-06-26,Boston,68.5,47.8,0.0,8.3,Sunny
2024-06-26,Seattle,68.0,48.5,0.0,8.3,Sunny
2024-06-26,Miami,86.9,71.2,0.0,12.0,Rainy
2024-06-26,Phoenix,109.3,84.0,0.0,11.8,Sunny
2024-06-27,Boston,80.0,65.5,0.0,9.2,Rainy
2024-06-27,Seattle,79.4,59.6,0.0,14.8,Cloudy
2024-06-27,Miami,98.5,80.7,0.44,26.2,Rainy
2024-06-27,Phoenix,98.6,71.8,0.0,7.1,Sunny
2024-06-28,Boston,75.2,58.0,0.0,24.7,Cloudy
2024-06-28,Seattle,70.4,42.5,0.0,3.8,Sunny
2024-06-28,Miami,88.6,71.8,0.0,11.7,Sunny
2024-06-28,Phoenix,97.7,80.8,0.0,7.9,Rainy
2024-06-29,Boston,88.1,68.8,0.0,5.5,Sunny
2024-06-29,Seattle,80.8,63.6,0.0,6.6,Sunny
2024-06-29,Miami,86.4,66.4,0.0,3.6,Rainy
2024-06-29,Phoenix,106.6,87.9,0.0,11.9,Sunny
2024-06-30,Boston,81.0,54.2,0.0,9.5,Cloudy
2024-06-30,Seattle,73.1,61.6,0.0,6.3,Sunny
2024-06-30,Miami,84.7,66.3,0.0,2.3,Cloudy
2024-06-30,Phoenix,99.7,91.2,0.18,15.7,Sunny
2024-07-01,Boston,79.6,64.4,0.0,3.6,Sunny
2024-07-01,Seattle,77.2,53.3,1.01,12.6,Rainy
2024-07-01,Miami,91.8,70.4,0.0,4.9,Cloudy
2024-07-01,Phoenix,112.7,92.4,0.0,11.7,Rainy
2024-07-02,Boston,82.9,60.7,0.0,6.9,Sunny
2024-07-02,Seattle,80.6,61.0,1.01,13.8,Sunny
2024-07-02,Miami,91.1,73.0,2.11,13.6,Cloudy
2024-07-02,Phoenix,105.3,91.4,2.13,3.3,Sunny
2024-07-03,Boston,93.8,75.6,1.22,11.1,Cloudy
2024-07-03,Seattle,68.8,45.4,0.0,7.6,Sunny
2024-07-03,Miami,90.3,70.9,0.0,3.0,Rainy
2024-07-03,Phoenix,107.5,84.4,0.0,4.7,Sunny
2024-07-04,Boston,84.7,68.1,1.43,11.8,Rainy
2024-07-04,Seattle,73.9,46.1,0.0,17.9,Cloudy
2024-07-04,Miami,93.3,71.0,0.0,17.2,Rainy
2024-07-04,Phoenix,108.1,95.6,0.0,10.4,Sunny
2024-07-05,Boston,79.4,60.2,2.27,2.1,Cloudy
2024-07-05,Seattle,77.8,60.2,0.0,13.8,Cloudy
2024-07-05,Miami,87.2,66.5,2.34,2.9,Sunny
2024-07-05,Phoenix,103.0,84.9,0.0,3.4,Sunny
2024-07-06,Boston,80.4,62.0,0.0,8.2,Foggy
2024-07-06,Seattle,72.7,54.7,1.1,7.0,Cloudy
2024-07-06,Miami,91.7,72.7,0.0,7.1,Sunny
2024-07-06,Phoenix,111.8,97.2,0.0,15.4,Sunny
2024-07-07,Boston,78.0,59.4,0.0,11.2,Sunny
2024-07-07,Seattle,81.0,64.5,0.0,7.5,Sunny
2024-07-07,Miami,92.9,62.1,0.0,9.1,Cloudy
2024-07-07,Phoenix,102.6,78.3,0.0,7.2,Sunny
2024-07-08,Boston,84.9,60.1,0.54,22.2,Sunny
2024-07-08,Seattle,77.2,52.9,0.0,11.4,Cloudy
2024-07-08,Miami,85.7,63.5,2.49,12.9,Rainy
2024-07-08,Phoenix,103.2,87.8,0.0,11.7,Sunny
2024-07-09,Boston,83.2,57.0,0.0,7.4,Sunny
2024-07-09,Seattle,84.0,68.3,1.93,3.9,Cloudy
2024-07-09,Miami,101.9,82.7,1.58,5.2,Rainy
2024-07-09,Phoenix,103.5,76.0,0.0,3.8,Rainy
2024-07-10,Boston,91.0,65.0,0.0,5.7,Cloudy
2024-07-10,Seattle,80.5,50.8,0.0,6.8,Sunny
2024-07-10,Miami,101.8,77.8,0.0,6.4,Rainy
2024-07-10,Phoenix,111.6,89.1,0.0,10.7,Sunny
2024-07-11,Boston,85.7,63.0,0.53,9.4,Cloudy
2024-07-11,Seattle,81.7,60.6,1.29,11.1,Cloudy
2024-07-11,Miami,89.1,66.9,0.0,7.3,Rainy
2024-07-11,Phoenix,106.9,94.2,0.0,8.9,Sunny
2024-07-12,Boston,77.1,55.1,0.0,7.2,Rainy
2024-07-12,Seattle,76.1,51.1,1.27,18.2,Sunny
2024-07-12,Miami,95.2,72.3,0.0,18.7,Sunny
2024-07-12,Phoenix,102.5,79.9,0.0,7.0,Rainy
2024-07-13,Boston,83.1,59.1,0.0,2.0,Cloudy
2024-07-13,Seattle,78.0,56.6,0.0,9.4,Rainy
2024-07-13,Miami,92.5,63.9,0.0,9.4,Sunny
2024-07-13,Phoenix,109.1,89.5,0.0,4.3,Sunny
2024-07-14,Boston,79.9,65.6,0.0,9.4,Sunny
2024-07-14,Seattle,85.3,63.2,0.0,4.8,Cloudy
2024-07-14,Miami,103.8,78.8,1.49,15.8,Sunny
2024-07-14,Phoenix,100.2,82.2,0.0,6.9,Sunny
2024-07-15,Boston,84.6,59.3,0.0,12.5,Cloudy
2024-07-15,Seattle,70.4,47.2,0.0,9.8,Rainy
2024-07-15,Miami,83.6,54.7,0.0,10.4,Rainy
2024-07-15,Phoenix,106.1,81.5,0.0,9.0,Sunny
2024-07-16,Boston,84.6,65.5,0.0,5.9,Sunny
2024-07-16,Seattle,79.0,52.8,0.0,12.2,Cloudy
2024-07-16,Miami,85.2,50.4,0.0,9.1,Rainy
2024-07-16,Phoenix,92.0,65.4,0.47,12.0,Rainy
2024-07-17,Boston,79.1,59.5,0.0,4.6,Sunny
2024-07-17,Seattle,78.9,53.9,0.0,15.0,Sunny
2024-07-17,Miami,97.1,69.1,2.14,14.6,Sunny
2024-07-17,Phoenix,105.1,101.7,0.0,15.9,Sunny
2024-07-18,Boston,82.5,69.6,0.0,8.4,Sunny
2024-07-18,Seattle,78.4,51.6,1.7,4.9,Sunny
2024-07-18,Miami,90.9,64.2,0.0,6.6,Sunny
2024-07-18,Phoenix,94.5,78.8,0.0,7.9,Rainy
2024-07-19,Boston,73.6,54.5,1.04,24.9,Sunny
2024-07-19,Seattle,76.7,59.5,0.0,5.4,Sunny
2024-07-19,Miami,97.0,78.0,0.0,17.5,Sunny
2024-07-19,Phoenix,106.9,85.8,0.0,11.6,Sunny
2024-07-20,Boston,88.4,62.6,0.0,16.3,Sunny
2024-07-20,Seattle,84.1,66.4,1.24,3.4,Cloudy
2024-07-20,Miami,99.3,78.1,0.0,14.1,Rainy
2024-07-20,Phoenix,111.7,101.5,0.0,6.5,Sunny
2024-07-21,Boston,76.7,53.1,0.0,12.1,Cloudy
2024-07-21,Seattle,88.1,71.9,1.81,16.0,Sunny
2024-07-21,Miami,88.7,70.8,0.0,12.1,Sunny
2024-07-21,Phoenix,105.7,91.0,1.24,8.9,Cloudy
2024-07-22,Boston,82.4,59.7,0.0,2.0,Sunny
2024-07-22,Seattle,79.4,63.8,1.54,4.8,Sunny
2024-07-22,Miami,97.0,66.2,2.37,5.9,Foggy
2024-07-22,Phoenix,114.3,95.5,1.28,8.9,Rainy
2024-07-23,Boston,77.8,64.4,0.0,4.5,Foggy
2024-07-23,Seattle,80.9,55.5,0.0,15.6,Foggy
2024-07-23,Miami,95.7,81.3,0.0,7.2,Sunny
2024-07-23,Phoenix,103.7,80.4,0.0,10.9,Sunny
2024-07-24,Boston,80.1,58.7,0.0,7.7,Sunny
2024-07-24,Seattle,82.7,63.1,0.59,10.4,Sunny
2024-07-24,Miami,79.3,50.6,1.51,8.7,Cloudy
2024-07-24,Phoenix,112.6,91.9,0.0,6.2,Sunny
2024-07-25,Boston,76.6,60.1,0.0,10.1,Sunny
2024-07-25,Seattle,81.4,67.8,0.0,7.3,Foggy
2024-07-25,Miami,98.9,83.1,0.0,5.3,Sunny
2024-07-25,Phoenix,105.3,84.7,0.0,6.3,Sunny
2024-07-26,Boston,79.7,67.2,0.0,11.7,Sunny
2024-07-26,Seattle,71.7,55.4,0.0,8.3,Rainy
2024-07-26,Miami,96.6,83.2,0.0,11.4,Cloudy
2024-07-26,Phoenix,105.9,89.0,0.0,6.7,Cloudy
2024-07-27,Boston,88.6,69.2,0.0,18.1,Sunny
2024-07-27,Seattle,77.8,60.0,0.0,7.6,Sunny
2024-07-27,Miami,95.3,72.3,2.42,16.1,Sunny
2024-07-27,Phoenix,103.2,79.2,0.0,10.0,Cloudy
2024-07-28,Boston,84.5,65.4,0.0,6.3,Sunny
2024-07-28,Seattle,73.7,54.9,0.0,2.0,Sunny
2024-07-28,Miami,94.5,61.2,0.85,17.8,Sunny
2024-07-28,Phoenix,106.8,84.2,0.0,10.0,Sunny
2024-07-29,Boston,84.8,61.3,0.0,2.6,Sunny
2024-07-29,Seattle,76.6,62.1,0.0,14.6,Cloudy
2024-07-29,Miami,95.5,79.8,2.08,5.3,Sunny
2024-07-29,Phoenix,104.5,84.4,0.0,9.3,Rainy
2024-07-30,Boston,98.8,78.9,2.49,7.3,Sunny
2024-07-30,Seattle,79.9,56.1,0.0,16.7,Cloudy
2024-07-30,Miami,89.8,73.1,0.0,9.7,Foggy
2024-07-30,Phoenix,116.9,90.8,0.0,14.3,Rainy
2024-07-31,Boston,84.8,63.7,0.0,8.6,Cloudy
2024-07-31,Seattle,78.9,57.6,0.0,5.7,Sunny
2024-07-31,Miami,100.7,74.7,0.0,8.6,Rainy
2024-07-31,Phoenix,110.2,93.1,0.0,8.2,Sunny
2024-08-01,Boston,86.8,72.5,0.0,3.0,Foggy
2024-08-01,Seattle,80.9,65.4,0.0,6.7,Cloudy
2024-08-01,Miami,88.8,60.3,0.0,3.2,Sunny
2024-08-01,Phoenix,102.8,85.3,0.0,6.9,Sunny
2024-08-02,Boston,79.7,67.7,0.0,16.3,Sunny
2024-08-02,Seattle,82.1,61.4,0.0,12.5,Sunny
2024-08-02,Miami,93.1,63.6,0.18,9.8,Rainy
2024-08-02,Phoenix,101.7,80.4,0.0,9.8,Sunny
2024-08-03,Boston,80.7,54.3,0.0,11.0,Sunny
2024-08-03,Seattle,72.1,55.7,0.0,8.9,Sunny
2024-08-03,Miami,97.8,78.9,0.0,11.8,Rainy
2024-08-03,Phoenix,108.6,84.1,0.0,4.0,Cloudy
2024-08-04,Boston,76.7,50.4,0.0,8.6,Cloudy
2024-08-04,Seattle,78.4,51.2,2.4,15.3,Cloudy
2024-08-04,Miami,93.7,68.5,0.0,9.7,Rainy
2024-08-04,Phoenix,101.7,73.6,0.31,11.6,Sunny
2024-08-05,Boston,76.2,62.9,0.0,12.7,Sunny
2024-08-05,Seattle,78.5,50.6,0.0,14.0,Sunny
2024-08-05,Miami,83.0,56.5,0.0,9.6,Sunny
2024-08-05,Phoenix,103.5,84.0,2.38,14.2,Cloudy
2024-08-06,Boston,81.5,64.5,1.49,4.1,Sunny
2024-08-06,Seattle,77.9,55.3,0.0,14.9,Sunny
2024-08-06,Miami,92.4,66.8,0.0,5.6,Cloudy
2024-08-06,Phoenix,106.7,84.5,0.0,7.8,Sunny
2024-08-07,Boston,82.6,57.9,2.08,4.8,Sunny
2024-08-07,Seattle,76.4,51.2,0.0,24.2,Sunny
2024-08-07,Miami,85.6,59.8,0.07,9.8,Cloudy
2024-08-07,Phoenix,106.2,87.0,0.0,16.7,Sunny
2024-08-08,Boston,69.1,53.2,0.0,11.3,Cloudy
2024-08-08,Seattle,72.6,60.5,1.47,13.9,Sunny
2024-08-08,Miami,85.3,64.3,0.28,2.8,Sunny
2024-08-08,Phoenix,102.8,81.3,0.0,11.9,Sunny
2024-08-09,Boston,86.0,69.1,2.27,16.8,Rainy
2024-08-09,Seattle,74.5,56.3,0.0,7.0,Cloudy
2024-08-09,Miami,86.7,60.6,0.0,9.7,Sunny
2024-08-09,Phoenix,100.7,86.7,0.0,17.1,Rainy
2024-08-10,Boston,90.2,71.3,0.0,12.3,Sunny
2024-08-10,Seattle,79.3,62.0,0.0,13.5,Cloudy
2024-08-10,Miami,96.7,80.2,0.0,9.0,Cloudy
2024-08-10,Phoenix,105.7,90.5,0.0,8.2,Rainy
2024-08-11,Boston,83.9,60.3,1.46,9.0,Cloudy
2024-08-11,Seattle,84.2,59.5,2.41,12.1,Rainy
2024-08-11,Miami,89.4,76.2,0.0,10.5,Sunny
2024-08-11,Phoenix,115.6,92.9,0.0,8.9,Rainy
2024-08-12,Boston,77.3,58.4,1.4,25.1,Sunny
2024-08-12,Seattle,73.5,45.7,0.57,12.4,Sunny
2024-08-12,Miami,94.6,70.1,0.0,3.0,Cloudy
2024-08-12,Phoenix,111.8,92.0,1.44,6.4,Sunny
2024-08-13,Boston,73.8,49.2,0.0,12.0,Sunny
2024-08-13,Seattle,79.8,54.2,0.6,9.1,Sunny
2024-08-13,Miami,85.0,62.4,0.0,18.0,Foggy
2024-08-13,Phoenix,99.7,76.6,2.0,15.6,Sunny
2024-08-14,Boston,70.4,47.5,1.23,4.2,Sunny
2024-08-14,Seattle,79.8,61.6,0.9,8.4,Sunny
2024-08-14,Miami,86.3,57.5,0.0,9.3,Rainy
2024-08-14,Phoenix,106.2,83.9,0.0,6.8,Sunny
2024-08-15,Boston,83.6,67.3,0.0,7.4,Sunny
2024-08-15,Seattle,68.8,36.9,0.0,17.1,Cloudy
2024-08-15,Miami,99.2,74.8,0.0,8.2,Sunny
2024-08-15,Phoenix,108.1,91.0,1.61,9.0,Sunny
2024-08-16,Boston,78.0,51.3,0.0,4.3,Sunny
2024-08-16,Seattle,75.2,53.8,0.0,4.6,Cloudy
2024-08-16,Miami,92.0,69.7,0.0,4.3,Sunny
2024-08-16,Phoenix,103.8,92.4,0.0,10.5,Rainy
2024-08-17,Boston,90.4,71.5,0.0,8.4,Cloudy
2024-08-17,Seattle,74.2,56.0,0.0,11.6,Sunny
2024-08-17,Miami,92.3,62.5,0.0,5.2,Foggy
2024-08-17,Phoenix,102.8,84.6,2.31,5.1,Cloudy
2024-08-18,Boston,84.0,65.7,0.0,18.5,Rainy
2024-08-18,Seattle,79.4,68.4,0.0,12.0,Cloudy
2024-08-18,Miami,88.8,72.5,1.66,11.5,Sunny
2024-08-18,Phoenix,104.0,78.7,0.0,9.8,Sunny
2024-08-19,Boston,77.6,55.3,0.0,5.7,Cloudy
2024-08-19,Seattle,79.4,62.5,0.0,4.9,Sunny
2024-08-19,Miami,84.1,63.8,0.25,12.9,Rainy
2024-08-19,Phoenix,101.8,75.9,1.72,19.0,Rainy
2024-08-20,Boston,83.4,76.9,0.0,9.4,Cloudy
2024-08-20,Seattle,78.4,61.1,0.0,1.6,Sunny
2024-08-20,Miami,93.3,66.8,0.0,10.0,Sunny
2024-08-20,Phoenix,112.2,89.2,0.0,6.3,Sunny
2024-08-21,Boston,78.8,55.4,0.0,7.6,Cloudy
2024-08-21,Seattle,76.0,60.7,0.61,4.1,Cloudy
2024-08-21,Miami,90.8,82.6,0.0,11.3,Sunny
2024-08-21,Phoenix,105.5,82.6,0.0,3.8,Sunny
2024-08-22,Boston,79.7,50.5,0.0,8.7,Sunny
2024-08-22,Seattle,77.0,54.4,0.0,10.3,Sunny
2024-08-22,Miami,96.5,80.7,0.0,7.2,Foggy
2024-08-22,Phoenix,107.2,87.9,0.18,10.3,Cloudy
2024-08-23,Boston,81.3,66.2,0.22,7.6,Cloudy
2024-08-23,Seattle,83.8,65.6,1.66,3.6,Rainy
2024-08-23,Miami,87.1,66.9,0.0,10.6,Rainy
2024-08-23,Phoenix,103.8,80.9,0.0,9.3,Sunny
2024-08-24,Boston,85.2,66.5,0.0,13.3,Cloudy
2024-08-24,Seattle,72.0,49.5,0.0,3.1,Cloudy
2024-08-24,Miami,99.1,85.6,0.0,5.7,Sunny
2024-08-24,Phoenix,100.0,82.8,0.0,8.1,Sunny
2024-08-25,Boston,86.4,72.8,0.41,8.6,Sunny
2024-08-25,Seattle,73.3,42.8,0.0,5.9,Foggy
2024-08-25,Miami,92.6,66.1,0.0,13.2,Sunny
2024-08-25,Phoenix,98.2,84.2,0.0,7.9,Sunny
2024-08-26,Boston,70.9,55.9,0.0,5.4,Sunny
2024-08-26,Seattle,75.7,54.0,0.81,7.8,Sunny
2024-08-26,Miami,97.6,81.4,0.0,13.7,Sunny
2024-08-26,Phoenix,98.9,84.3,1.01,13.8,Cloudy
2024-08-27,Boston,84.6,50.7,0.82,10.4,Rainy
2024-08-27,Seattle,78.1,62.9,1.72,17.0,Sunny
2024-08-27,Miami,96.1,69.7,0.0,10.9,Rainy
2024-08-27,Phoenix,100.0,75.1,1.64,13.9,Cloudy
2024-08-28,Boston,81.7,62.1,0.45,12.4,Cloudy
2024-08-28,Seattle,75.5,58.6,0.0,11.6,Sunny
2024-08-28,Miami,90.7,78.5,0.0,4.8,Foggy
2024-08-28,Phoenix,104.4,94.0,0.0,6.0,Sunny
2024-08-29,Boston,82.5,62.7,0.0,7.9,Sunny
2024-08-29,Seattle,76.5,49.2,0.0,9.5,Rainy
2024-08-29,Miami,100.0,78.1,0.0,4.2,Sunny
2024-08-29,Phoenix,95.8,71.9,0.0,5.2,Rainy
2024-08-30,Boston,76.7,64.8,0.66,10.2,Cloudy
2024-08-30,Seattle,76.4,57.0,0.0,16.1,Rainy
2024-08-30,Miami,94.1,66.3,0.0,17.8,Rainy
2024-08-30,Phoenix,100.3,71.1,0.0,4.6,Sunny
2024-08-31,Boston,85.1,60.8,0.14,7.5,Sunny
2024-08-31,Seattle,82.6,68.7,0.0,16.9,Sunny
2024-08-31,Miami,90.4,64.4,0.0,9.1,Rainy
2024-08-31,Phoenix,104.6,79.8,2.49,9.4,Sunny
2024-09-01,Boston,78.9,48.8,0.0,14.4,Sunny
2024-09-01,Seattle,72.5,56.9,0.0,5.8,Rainy
2024-09-01,Miami,88.5,74.9,0.0,6.6,Cloudy
2024-09-01,Phoenix,99.2,79.0,0.0,5.8,Sunny
2024-09-02,Boston,70.0,50.4,0.0,12.1,Rainy
2024-09-02,Seattle,68.8,56.5,0.0,5.8,Rainy
2024-09-02,Miami,93.3,68.7,0.0,7.6,Sunny
2024-09-02,Phoenix,94.6,85.7,0.0,8.6,Sunny
2024-09-03,Boston,81.0,60.7,0.0,4.6,Cloudy
2024-09-03,Seattle,71.4,54.5,1.37,7.7,Rainy
2024-09-03,Miami,84.4,68.7,0.0,5.4,Rainy
2024-09-03,Phoenix,105.0,78.2,0.42,9.3,Sunny
2024-09-04,Boston,71.4,46.3,0.0,17.2,Sunny
2024-09-04,Seattle,65.9,42.6,2.47,5.6,Sunny
2024-09-04,Miami,90.4,73.8,0.0,15.9,Rainy
2024-09-04,Phoenix,103.8,80.6,0.41,3.9,Sunny
2024-09-05,Boston,67.6,43.3,0.0,6.4,Cloudy
2024-09-05,Seattle,75.1,50.7,0.0,7.4,Cloudy
2024-09-05,Miami,91.1,78.2,0.0,3.9,Cloudy
2024-09-05,Phoenix,100.9,81.3,0.0,13.6,Rainy
2024-09-06,Boston,76.5,53.0,0.0,8.2,Sunny
2024-09-06,Seattle,62.5,44.1,2.42,14.3,Rainy
2024-09-06,Miami,92.2,68.6,0.0,22.2,Cloudy
2024-09-06,Phoenix,99.9,81.9,0.98,11.2,Cloudy
2024-09-07,Boston,79.8,51.7,0.0,2.9,Snowy
2024-09-07,Seattle,69.7,47.6,0.32,3.5,Rainy
2024-09-07,Miami,88.2,69.2,0.0,14.3,Rainy
2024-09-07,Phoenix,87.6,67.4,0.0,7.8,Cloudy
2024-09-08,Boston,66.5,51.3,0.0,13.2,Sunny
2024-09-08,Seattle,73.6,57.7,0.0,7.9,Sunny
2024-09-08,Miami,87.4,70.3,0.09,12.6,Sunny
2024-09-08,Phoenix,90.8,60.4,0.82,3.7,Cloudy
2024-09-09,Boston,72.6,52.1,0.0,7.7,Cloudy
2024-09-09,Seattle,73.1,51.4,0.58,2.8,Rainy
2024-09-09,Miami,95.4,83.3,2.35,4.3,Rainy
2024-09-09,Phoenix,103.8,83.0,0.0,6.5,Sunny
2024-09-10,Boston,70.7,49.1,0.0,5.9,Sunny
2024-09-10,Seattle,74.5,34.9,0.0,6.7,Cloudy
2024-09-10,Miami,90.3,68.0,1.82,12.2,Cloudy
2024-09-10,Phoenix,99.8,92.1,0.0,19.8,Sunny
2024-09-11,Boston,76.9,63.0,0.0,7.6,Sunny
2024-09-11,Seattle,72.7,55.4,0.0,10.9,Cloudy
2024-09-11,Miami,91.7,67.9,0.46,9.8,Cloudy
2024-09-11,Phoenix,107.4,83.0,0.0,6.8,Sunny
2024-09-12,Boston,68.2,48.4,0.0,4.6,Rainy
2024-09-12,Seattle,72.1,59.8,1.65,10.1,Rainy
2024-09-12,Miami,90.6,80.7,0.0,20.7,Cloudy
2024-09-12,Phoenix,89.9,76.3,0.0,9.0,Sunny
2024-09-13,Boston,66.4,47.0,0.0,9.6,Sunny
2024-09-13,Seattle,64.9,45.2,0.0,4.6,Rainy
2024-09-13,Miami,85.9,72.9,0.31,8.8,Sunny
2024-09-13,Phoenix,96.7,74.7,0.0,11.4,Sunny
2024-09-14,Boston,69.1,42.7,0.0,7.7,Rainy
2024-09-14,Seattle,79.1,60.2,0.0,4.7,Rainy
2024-09-14,Miami,84.0,60.5,0.0,8.5,Cloudy
2024-09-14,Phoenix,109.4,90.8,0.0,8.5,Rainy
2024-09-15,Boston,76.3,49.2,0.0,4.7,Cloudy
2024-09-15,Seattle,73.0,46.8,0.0,20.3,Cloudy
2024-09-15,Miami,99.2,81.3,0.0,18.0,Sunny
2024-09-15,Phoenix,102.2,79.8,0.0,11.8,Sunny
2024-09-16,Boston,78.8,48.1,0.0,6.5,Rainy
2024-09-16,Seattle,69.3,48.2,0.0,3.9,Sunny
2024-09-16,Miami,82.7,59.3,0.0,5.4,Sunny
2024-09-16,Phoenix,89.9,72.2,0.0,16.0,Sunny
2024-09-17,Boston,75.3,55.3,0.0,6.8,Foggy
2024-09-17,Seattle,71.6,57.5,0.0,2.6,Rainy
2024-09-17,Miami,97.6,81.8,0.0,9.9,Foggy
2024-09-17,Phoenix,91.4,76.4,0.0,6.1,Rainy
2024-09-18,Boston,70.8,52.9,0.0,5.7,Sunny
2024-09-18,Seattle,65.0,45.7,0.83,3.5,Cloudy
2024-09-18,Miami,85.5,72.9,0.0,8.4,Sunny
2024-09-18,Phoenix,98.8,85.5,0.0,12.8,Rainy
2024-09-19,Boston,80.4,62.1,0.0,5.5,Sunny
2024-09-19,Seattle,57.4,35.4,0.0,4.4,Sunny
2024-09-19,Miami,85.8,59.8,0.0,8.0,Cloudy
2024-09-19,Phoenix,96.7,72.4,0.0,7.6,Rainy
2024-09-20,Boston,78.9,55.4,1.78,6.5,Sunny
2024-09-20,Seattle,68.6,58.6,0.0,13.2,Rainy
2024-09-20,Miami,95.5,68.6,0.0,11.6,Cloudy
2024-09-20,Phoenix,91.5,65.0,0.0,13.5,Cloudy
2024-09-21,Boston,81.9,61.0,0.0,6.3,Snowy
2024-09-21,Seattle,71.3,44.6,0.0,2.8,Cloudy
2024-09-21,Miami,85.6,46.1,0.0,4.3,Rainy
2024-09-21,Phoenix,98.7,86.4,0.0,13.2,Sunny
2024-09-22,Boston,77.2,70.0,0.0,8.3,Foggy
2024-09-22,Seattle,69.8,50.3,0.0,3.4,Foggy
2024-09-22,Miami,93.2,76.5,0.0,11.1,Rainy
2024-09-22,Phoenix,95.1,77.3,2.04,9.7,Sunny
2024-09-23,Boston,70.3,48.5,0.08,6.4,Sunny
2024-09-23,Seattle,60.6,44.0,0.0,3.7,Foggy
2024-09-23,Miami,88.9,74.9,0.0,7.7,Sunny
2024-09-23,Phoenix,109.6,83.7,0.0,9.0,Sunny
2024-09-24,Boston,67.8,46.2,0.42,7.2,Sunny
2024-09-24,Seattle,75.0,64.3,0.0,13.5,Rainy
2024-09-24,Miami,87.6,71.9,0.0,10.4,Sunny
2024-09-24,Phoenix,95.6,82.8,0.0,5.7,Sunny
2024-09-25,Boston,69.5,45.4,0.0,4.7,Sunny
2024-09-25,Seattle,75.7,58.4,0.0,19.9,Sunny
2024-09-25,Miami,90.3,72.2,0.0,14.1,Cloudy
2024-09-25,Phoenix,102.2,78.9,0.89,13.0,Sunny
2024-09-26,Boston,67.3,55.2,0.0,8.0,Sunny
2024-09-26,Seattle,77.3,51.4,1.56,14.5,Cloudy
2024-09-26,Miami,85.4,69.1,0.0,5.7,Cloudy
2024-09-26,Phoenix,98.3,81.4,0.0,11.0,Sunny
2024-09-27,Boston,72.8,47.8,0.0,7.6,Rainy
2024-09-27,Seattle,62.9,44.9,0.0,4.1,Foggy
2024-09-27,Miami,80.9,53.0,0.0,20.4,Sunny
2024-09-27,Phoenix,102.6,82.4,0.0,5.0,Sunny
2024-09-28,Boston,67.6,52.1,0.0,8.8,Sunny
2024-09-28,Seattle,77.9,55.0,0.55,16.7,Cloudy
2024-09-28,Miami,92.9,62.8,0.0,17.3,Cloudy
2024-09-28,Phoenix,89.6,67.3,0.0,1.7,Sunny
2024-09-29,Boston,70.9,62.6,0.0,10.6,Sunny
2024-09-29,Seattle,76.2,58.0,2.02,8.0,Rainy
2024-09-29,Miami,85.6,61.3,0.0,4.0,Sunny
2024-09-29,Phoenix,93.0,77.5,0.0,10.2,Sunny
2024-09-30,Boston,79.2,58.4,0.0,4.8,Rainy
2024-09-30,Seattle,64.0,49.5,0.0,9.5,Foggy
2024-09-30,Miami,84.8,63.6,2.45,13.9,Sunny
2024-09-30,Phoenix,102.4,75.9,0.0,9.6,Sunny
2024-10-01,Boston,64.7,36.6,0.0,3.2,Cloudy
2024-10-01,Seattle,64.0,47.1,0.0,3.0,Foggy
2024-10-01,Miami,86.0,66.0,0.0,2.4,Rainy
2024-10-01,Phoenix,82.1,61.6,0.0,10.1,Sunny
2024-10-02,Boston,67.9,50.1,1.64,13.3,Snowy
2024-10-02,Seattle,58.5,43.4,0.0,10.9,Rainy
2024-10-02,Miami,85.5,74.0,1.22,13.4,Rainy
2024-10-02,Phoenix,76.7,66.2,0.0,15.0,Cloudy
2024-10-03,Boston,57.0,34.7,0.0,4.8,Sunny
2024-10-03,Seattle,64.0,52.6,1.29,5.4,Cloudy
2024-10-03,Miami,84.4,64.2,0.0,4.7,Sunny
2024-10-03,Phoenix,80.6,61.0,0.0,9.1,Sunny
2024-10-04,Boston,64.4,45.7,2.46,16.9,Cloudy
2024-10-04,Seattle,54.6,37.3,0.0,2.4,Cloudy
2024-10-04,Miami,92.5,70.6,0.0,11.4,Sunny
2024-10-04,Phoenix,88.9,72.5,2.21,10.6,Sunny
2024-10-05,Boston,58.6,41.9,0.63,10.9,Sunny
2024-10-05,Seattle,58.4,34.4,0.0,6.4,Cloudy
2024-10-05,Miami,89.5,72.7,0.68,7.1,Sunny
2024-10-05,Phoenix,82.7,64.3,0.0,17.9,Sunny
2024-10-06,Boston,63.9,45.8,0.0,13.7,Sunny
2024-10-06,Seattle,61.1,39.8,0.0,5.6,Cloudy
2024-10-06,Miami,82.9,63.3,0.0,10.3,Sunny
2024-10-06,Phoenix,80.0,54.3,0.0,8.3,Sunny
2024-10-07,Boston,68.0,55.1,0.97,11.3,Sunny
2024-10-07,Seattle,65.0,44.0,2.48,6.5,Rainy
2024-10-07,Miami,87.5,61.4,0.0,13.0,Cloudy
2024-10-07,Phoenix,94.9,75.7,0.0,5.6,Sunny
2024-10-08,Boston,64.0,44.9,2.09,7.9,Sunny
2024-10-08,Seattle,65.9,39.8,1.17,12.8,Cloudy
2024-10-08,Miami,96.2,85.8,1.73,11.4,Cloudy
2024-10-08,Phoenix,83.7,67.4,0.0,6.3,Sunny
2024-10-09,Boston,63.8,40.7,0.0,6.1,Sunny
2024-10-09,Seattle,60.3,30.6,1.02,14.3,Sunny
2024-10-09,Miami,91.6,75.9,0.0,4.9,Sunny
2024-10-09,Phoenix,90.3,66.0,0.0,15.0,Sunny
2024-10-10,Boston,61.6,42.5,0.0,7.5,Rainy
2024-10-10,Seattle,61.1,43.3,0.31,7.1,Sunny
2024-10-10,Miami,84.9,58.1,1.55,6.0,Sunny
2024-10-10,Phoenix,90.8,68.8,0.0,9.2,Sunny
2024-10-11,Boston,62.3,41.5,1.14,10.8,Sunny
2024-10-11,Seattle,62.3,40.8,0.0,8.9,Foggy
2024-10-11,Miami,89.9,68.9,0.0,3.3,Cloudy
2024-10-11,Phoenix,80.9,60.4,0.0,23.6,Sunny
2024-10-12,Boston,55.6,35.6,0.0,7.6,Snowy
2024-10-12,Seattle,58.9,39.0,0.0,11.3,Cloudy
2024-10-12,Miami,86.8,68.1,0.0,4.1,Rainy
2024-10-12,Phoenix,90.1,74.7,0.35,17.9,Sunny
2024-10-13,Boston,64.6,45.9,0.0,5.7,Cloudy
2024-10-13,Seattle,53.4,36.3,0.0,7.8,Sunny
2024-10-13,Miami,88.4,71.2,1.13,6.4,Cloudy
2024-10-13,Phoenix,97.0,81.2,1.69,15.2,Sunny
2024-10-14,Boston,57.7,33.7,2.39,3.2,Sunny
2024-10-14,Seattle,49.1,28.6,0.0,7.7,Rainy
2024-10-14,Miami,87.1,68.5,0.0,2.8,Cloudy
2024-10-14,Phoenix,94.7,73.8,1.01,16.3,Sunny
2024-10-15,Boston,58.1,36.0,0.0,8.2,Sunny
2024-10-15,Seattle,56.3,40.1,0.0,8.4,Rainy
2024-10-15,Miami,84.9,63.9,0.0,11.0,Sunny
2024-10-15,Phoenix,84.2,68.2,0.0,9.6,Sunny
2024-10-16,Boston,57.4,41.4,0.0,4.6,Cloudy
2024-10-16,Seattle,68.1,40.6,0.0,2.2,Cloudy
2024-10-16,Miami,85.1,66.9,2.04,6.1,Sunny
2024-10-16,Phoenix,84.5,66.0,0.0,10.6,Sunny
2024-10-17,Boston,63.2,37.6,0.0,4.4,Cloudy
2024-10-17,Seattle,56.7,36.9,0.93,6.2,Rainy
2024-10-17,Miami,80.3,59.7,2.37,9.4,Foggy
2024-10-17,Phoenix,90.5,65.6,0.0,4.5,Cloudy
2024-10-18,Boston,58.9,32.9,0.0,5.2,Foggy
2024-10-18,Seattle,59.6,41.4,0.43,2.7,Cloudy
2024-10-18,Miami,80.1,53.8,1.71,5.8,Sunny
2024-10-18,Phoenix,89.6,74.5,1.82,6.1,Sunny
2024-10-19,Boston,64.2,42.8,0.0,12.1,Sunny
2024-10-19,Seattle,58.1,32.3,0.0,12.4,Cloudy
2024-10-19,Miami,80.2,58.7,0.0,18.5,Sunny
2024-10-19,Phoenix,75.8,64.7,0.0,3.9,Sunny
2024-10-20,Boston,63.5,39.3,0.0,14.9,Cloudy
2024-10-20,Seattle,53.1,35.2,0.0,14.8,Sunny
2024-10-20,Miami,84.6,67.7,2.05,26.9,Sunny
2024-10-20,Phoenix,80.8,60.5,0.0,4.8,Cloudy
2024-10-21,Boston,56.2,35.7,0.0,14.4,Cloudy
2024-10-21,Seattle,59.4,35.3,1.04,1.4,Cloudy
2024-10-21,Miami,77.4,66.8,0.0,6.3,Sunny
2024-10-21,Phoenix,90.4,72.3,1.94,9.4,Sunny
2024-10-22,Boston,56.7,34.2,0.0,21.0,Rainy
2024-10-22,Seattle,67.0,54.9,0.0,3.5,Cloudy
2024-10-22,Miami,83.4,65.1,0.0,18.7,Rainy
2024-10-22,Phoenix,86.0,66.9,0.0,8.1,Sunny
2024-10-23,Boston,60.6,30.4,1.99,10.1,Sunny
2024-10-23,Seattle,56.4,34.1,0.0,8.0,Sunny
2024-10-23,Miami,81.1,57.6,0.0,4.0,Sunny
2024-10-23,Phoenix,80.9,70.6,2.47,6.3,Sunny
2024-10-24,Boston,55.1,24.5,0.0,5.7,Sunny
2024-10-24,Seattle,53.1,28.5,0.0,24.8,Cloudy
2024-10-24,Miami,84.1,68.5,0.79,3.3,Sunny
2024-10-24,Phoenix,94.3,69.7,0.0,10.3,Sunny
2024-10-25,Boston,61.5,44.9,0.0,6.8,Cloudy
2024-10-25,Seattle,61.3,37.5,0.0,17.8,Rainy
2024-10-25,Miami,83.0,69.9,1.15,5.1,Sunny
2024-10-25,Phoenix,86.1,68.9,0.0,6.3,Cloudy
2024-10-26,Boston,50.4,22.2,0.0,9.9,Rainy
2024-10-26,Seattle,60.0,32.9,0.17,19.3,Sunny
2024-10-26,Miami,91.0,68.1,0.0,7.4,Sunny
2024-10-26,Phoenix,86.0,63.4,0.0,19.0,Sunny
2024-10-27,Boston,65.8,42.5,0.0,5.4,Rainy
2024-10-27,Seattle,55.4,42.7,0.18,5.5,Cloudy
2024-10-27,Miami,88.9,60.8,0.0,11.3,Sunny
2024-10-27,Phoenix,92.8,67.2,0.21,4.6,Sunny
2024-10-28,Boston,60.3,46.3,0.0,5.4,Rainy
2024-10-28,Seattle,61.6,30.9,0.0,11.7,Cloudy
2024-10-28,Miami,84.3,70.8,0.0,2.4,Sunny
2024-10-28,Phoenix,80.9,56.8,0.0,2.4,Sunny
2024-10-29,Boston,55.6,33.9,0.0,15.8,Cloudy
2024-10-29,Seattle,51.4,35.9,0.0,9.7,Cloudy
2024-10-29,Miami,86.9,72.4,0.61,8.8,Sunny
2024-10-29,Phoenix,82.4,54.7,0.0,14.1,Cloudy
2024-10-30,Boston,64.3,35.7,0.0,17.4,Rainy
2024-10-30,Seattle,55.6,33.4,0.0,3.5,Cloudy
2024-10-30,Miami,85.6,64.5,0.0,14.6,Cloudy
2024-10-30,Phoenix,86.0,66.7,0.0,3.1,Sunny
2024-10-31,Boston,67.4,47.9,0.0,18.9,Sunny
2024-10-31,Seattle,69.3,53.9,0.0,4.6,Sunny
2024-10-31,Miami,86.9,70.1,1.96,9.4,Cloudy
2024-10-31,Phoenix,79.8,51.3,0.0,4.1,Sunny
2024-11-01,Boston,50.6,41.5,1.11,2.0,Cloudy
2024-11-01,Seattle,46.8,31.9,0.0,17.5,Foggy
2024-11-01,Miami,81.0,58.8,0.0,11.2,Sunny
2024-11-01,Phoenix,70.4,52.2,0.0,5.4,Sunny
2024-11-02,Boston,44.4,23.1,0.0,15.3,Sunny
2024-11-02,Seattle,56.9,37.1,0.0,3.2,Sunny
2024-11-02,Miami,86.1,64.5,0.0,8.6,Sunny
2024-11-02,Phoenix,75.7,55.6,2.31,5.7,Sunny
2024-11-03,Boston,51.8,33.8,0.0,5.2,Sunny
2024-11-03,Seattle,54.8,35.7,2.48,4.1,Rainy
2024-11-03,Miami,85.8,63.5,1.34,5.6,Sunny
2024-11-03,Phoenix,78.0,55.2,0.0,3.3,Sunny
2024-11-04,Boston,49.8,30.0,0.0,4.9,Sunny
2024-11-04,Seattle,52.2,30.7,0.0,2.4,Cloudy
2024-11-04,Miami,83.6,54.8,0.0,7.3,Rainy
2024-11-04,Phoenix,71.8,58.7,0.0,10.5,Sunny
2024-11-05,Boston,48.6,36.0,0.0,13.9,Foggy
2024-11-05,Seattle,47.9,30.5,0.0,3.2,Cloudy
2024-11-05,Miami,79.9,56.7,0.0,12.8,Sunny
2024-11-05,Phoenix,69.9,51.5,2.3,11.1,Sunny
2024-11-06,Boston,50.0,40.1,0.0,2.3,Sunny
2024-11-06,Seattle,48.1,28.8,0.35,6.1,Sunny
2024-11-06,Miami,67.3,52.2,0.0,5.6,Sunny
2024-11-06,Phoenix,68.5,54.5,0.0,11.4,Sunny
2024-11-07,Boston,56.1,33.3,0.0,11.8,Rainy
2024-11-07,Seattle,45.5,16.7,0.0,5.7,Sunny
2024-11-07,Miami,77.1,59.4,0.0,5.5,Rainy
2024-11-07,Phoenix,67.8,46.1,1.88,17.7,Sunny
2024-11-08,Boston,54.1,34.4,1.23,8.4,Foggy
2024-11-08,Seattle,53.0,28.3,0.0,7.5,Cloudy
2024-11-08,Miami,79.9,61.0,0.0,20.0,Cloudy
2024-11-08,Phoenix,62.2,36.9,1.83,8.4,Sunny
2024-11-09,Boston,50.8,25.1,0.0,5.6,Cloudy
2024-11-09,Seattle,52.1,32.5,0.0,6.1,Sunny
2024-11-09,Miami,78.6,60.5,0.0,6.5,Cloudy
2024-11-09,Phoenix,71.5,60.2,0.0,11.0,Sunny
2024-11-10,Boston,47.4,30.1,0.0,9.5,Cloudy
2024-11-10,Seattle,42.7,18.0,0.0,4.7,Rainy
2024-11-10,Miami,85.2,59.5,0.0,2.8,Rainy
2024-11-10,Phoenix,75.6,58.9,1.61,3.0,Cloudy
2024-11-11,Boston,52.3,27.3,0.0,7.3,Sunny
2024-11-11,Seattle,43.5,18.0,0.0,16.3,Rainy
2024-11-11,Miami,81.3,55.4,0.0,2.8,Cloudy
2024-11-11,Phoenix,77.1,57.3,0.0,21.8,Foggy
2024-11-12,Boston,50.1,28.9,0.0,5.2,Cloudy
2024-11-12,Seattle,44.8,29.3,0.0,7.3,Cloudy
2024-11-12,Miami,76.5,60.2,0.0,7.5,Sunny
2024-11-12,Phoenix,76.4,53.0,0.0,8.9,Sunny
2024-11-13,Boston,49.2,26.6,0.0,13.1,Sunny
2024-11-13,Seattle,55.5,34.7,0.0,7.8,Rainy
2024-11-13,Miami,84.8,62.9,0.0,1.4,Sunny
2024-11-13,Phoenix,74.6,54.3,0.0,5.3,Cloudy
2024-11-14,Boston,45.9,32.7,0.0,8.7,Cloudy
2024-11-14,Seattle,56.5,37.2,0.0,3.1,Rainy
2024-11-14,Miami,82.8,62.8,0.96,1.5,Sunny
2024-11-14,Phoenix,71.2,46.8,2.38,3.3,Sunny
2024-11-15,Boston,52.9,38.3,0.5,5.2,Cloudy
2024-11-15,Seattle,44.6,23.7,1.88,24.2,Rainy
2024-11-15,Miami,82.8,59.6,0.0,3.0,Sunny
2024-11-15,Phoenix,76.0,62.7,0.0,10.9,Sunny
2024-11-16,Boston,53.2,28.9,1.11,8.0,Cloudy
2024-11-16,Seattle,56.4,36.5,0.0,9.5,Cloudy
2024-11-16,Miami,77.8,59.7,0.0,5.2,Sunny
2024-11-16,Phoenix,74.6,39.2,0.0,8.5,Sunny
2024-11-17,Boston,50.2,39.9,1.0,8.6,Rainy
2024-11-17,Seattle,51.2,34.9,0.0,9.4,Sunny
2024-11-17,Miami,81.6,58.8,0.0,3.8,Foggy
2024-11-17,Phoenix,79.8,57.6,1.89,7.9,Sunny
2024-11-18,Boston,50.8,40.7,0.0,19.6,Rainy
2024-11-18,Seattle,44.8,18.4,1.98,24.6,Rainy
2024-11-18,Miami,85.6,63.8,0.0,4.6,Cloudy
2024-11-18,Phoenix,78.8,60.6,0.9,14.0,Sunny
2024-11-19,Boston,54.3,34.2,0.0,7.5,Rainy
2024-11-19,Seattle,57.3,32.1,0.0,9.7,Rainy
2024-11-19,Miami,77.3,56.8,0.0,13.2,Sunny
2024-11-19,Phoenix,69.0,47.1,0.0,13.5,Sunny
2024-11-20,Boston,46.8,20.0,2.15,5.9,Cloudy
2024-11-20,Seattle,45.5,19.9,0.0,2.5,Sunny
2024-11-20,Miami,82.4,61.8,0.0,12.2,Sunny
2024-11-20,Phoenix,73.8,53.5,0.0,6.8,Sunny
2024-11-21,Boston,55.0,41.2,0.0,2.6,Rainy
2024-11-21,Seattle,55.0,23.8,0.0,8.1,Rainy
2024-11-21,Miami,87.3,62.9,0.47,7.0,Sunny
2024-11-21,Phoenix,69.6,52.1,0.0,10.3,Sunny
2024-11-22,Boston,51.5,29.5,1.09,3.6,Cloudy
2024-11-22,Seattle,52.0,29.2,0.0,7.0,Rainy
2024-11-22,Miami,75.2,62.4,0.0,17.5,Foggy
2024-11-22,Phoenix,69.9,47.2,0.55,8.6,Cloudy
2024-11-23,Boston,53.0,31.5,0.0,6.8,Foggy
2024-11-23,Seattle,45.7,21.1,0.0,11.0,Rainy
2024-11-23,Miami,83.1,60.1,0.0,10.7,Rainy
2024-11-23,Phoenix,80.6,59.4,0.0,23.3,Sunny
2024-11-24,Boston,51.3,35.2,0.0,10.9,Cloudy
2024-11-24,Seattle,53.2,36.6,0.0,5.4,Sunny
2024-11-24,Miami,83.4,72.5,0.0,5.7,Sunny
2024-11-24,Phoenix,75.6,46.5,0.0,7.1,Sunny
2024-11-25,Boston,53.0,34.1,0.0,7.2,Sunny
2024-11-25,Seattle,52.4,43.0,0.0,12.0,Foggy
2024-11-25,Miami,77.3,52.2,0.27,13.9,Cloudy
2024-11-25,Phoenix,66.3,41.5,0.0,13.9,Sunny
2024-11-26,Boston,57.8,47.6,0.0,4.3,Rainy
2024-11-26,Seattle,59.9,45.4,0.0,2.8,Cloudy
2024-11-26,Miami,78.1,59.2,0.0,13.6,Rainy
2024-11-26,Phoenix,75.3,57.4,0.0,5.5,Sunny
2024-11-27,Boston,51.7,31.3,0.0,14.8,Cloudy
2024-11-27,Seattle,39.6,25.1,1.75,8.0,Sunny
2024-11-27,Miami,87.2,63.8,0.0,5.1,Sunny
2024-11-27,Phoenix,75.5,50.5,0.0,18.1,Rainy
2024-11-28,Boston,50.1,24.0,0.0,16.4,Rainy
2024-11-28,Seattle,49.7,21.4,0.0,5.5,Rainy
2024-11-28,Miami,82.7,62.6,0.0,5.3,Cloudy
2024-11-28,Phoenix,71.5,47.8,0.0,3.3,Sunny
2024-11-29,Boston,52.3,24.7,0.0,21.0,Rainy
2024-11-29,Seattle,48.4,36.3,0.0,25.2,Sunny
2024-11-29,Miami,83.2,54.7,0.0,6.6,Cloudy
2024-11-29,Phoenix,79.5,64.7,0.0,5.2,Sunny
2024-11-30,Boston,49.1,24.6,0.0,11.8,Rainy
2024-11-30,Seattle,48.2,29.5,0.0,4.8,Rainy
2024-11-30,Miami,85.9,70.9,0.0,11.4,Rainy
2024-11-30,Phoenix,68.6,51.3,0.93,12.5,Sunny
2024-12-01,Boston,34.7,11.0,0.0,17.3,Snowy
2024-12-01,Seattle,44.8,17.6,0.5,15.0,Rainy
2024-12-01,Miami,74.0,56.3,0.0,22.9,Rainy
2024-12-01,Phoenix,59.0,33.2,0.96,3.3,Sunny
2024-12-02,Boston,37.0,12.7,0.0,16.8,Snowy
2024-12-02,Seattle,43.5,23.7,0.0,5.3,Cloudy
2024-12-02,Miami,81.3,57.0,0.17,9.3,Cloudy
2024-12-02,Phoenix,63.8,50.9,0.0,5.9,Cloudy
2024-12-03,Boston,40.8,21.2,0.0,14.7,Snowy
2024-12-03,Seattle,42.1,17.6,0.0,21.4,Rainy
2024-12-03,Miami,83.5,65.8,0.0,5.4,Foggy
2024-12-03,Phoenix,75.0,54.3,0.55,5.4,Sunny
2024-12-04,Boston,44.1,29.5,0.0,5.2,Cloudy
2024-12-04,Seattle,39.5,36.4,1.09,3.5,Rainy
2024-12-04,Miami,79.4,70.3,0.0,6.9,Sunny
2024-12-04,Phoenix,70.8,43.5,0.0,15.7,Sunny
2024-12-05,Boston,45.7,19.5,0.18,13.0,Snowy
2024-12-05,Seattle,47.8,21.0,0.0,9.4,Cloudy
2024-12-05,Miami,76.4,52.3,0.12,4.6,Sunny
2024-12-05,Phoenix,59.5,43.2,2.24,5.3,Rainy
2024-12-06,Boston,29.4,5.3,1.3,7.1,Cloudy
2024-12-06,Seattle,31.6,22.3,1.54,5.6,Cloudy
2024-12-06,Miami,84.6,70.9,0.0,12.9,Cloudy
2024-12-06,Phoenix,69.4,55.2,0.0,4.6,Sunny
2024-12-07,Boston,42.0,17.5,0.0,2.5,Foggy
2024-12-07,Seattle,54.6,32.6,0.0,11.2,Cloudy
2024-12-07,Miami,79.2,56.1,1.27,5.6,Sunny
2024-12-07,Phoenix,64.3,48.4,0.0,13.1,Sunny
2024-12-08,Boston,30.6,7.1,0.0,7.3,Rainy
2024-12-08,Seattle,46.9,29.1,0.0,6.2,Foggy
2024-12-08,Miami,70.5,55.3,0.0,7.9,Foggy
2024-12-08,Phoenix,67.7,56.6,0.32,10.9,Sunny
2024-12-09,Boston,46.0,30.3,0.0,4.1,Snowy
2024-12-09,Seattle,47.5,23.9,0.33,18.5,Cloudy
2024-12-09,Miami,66.9,48.5,0.0,6.8,Sunny
2024-12-09,Phoenix,65.8,45.0,0.0,5.1,Rainy
2024-12-10,Boston,38.1,15.2,0.0,7.2,Snowy
2024-12-10,Seattle,39.5,16.8,0.0,4.1,Cloudy
2024-12-10,Miami,69.5,49.8,2.14,7.1,Sunny
2024-12-10,Phoenix,64.2,38.0,0.0,15.2,Sunny
2024-12-11,Boston,33.4,12.4,0.0,11.7,Snowy
2024-12-11,Seattle,57.4,33.8,0.0,10.5,Cloudy
2024-12-11,Miami,82.8,60.7,1.83,9.2,Foggy
2024-12-11,Phoenix,69.4,47.1,0.0,3.5,Foggy
2024-12-12,Boston,39.6,14.9,0.0,22.6,Cloudy
2024-12-12,Seattle,49.1,34.9,0.0,3.4,Cloudy
2024-12-12,Miami,79.9,58.4,0.0,4.3,Sunny
2024-12-12,Phoenix,62.3,39.9,0.0,4.6,Sunny
2024-12-13,Boston,40.5,18.6,0.0,3.9,Foggy
2024-12-13,Seattle,44.1,14.9,0.78,19.7,Cloudy
2024-12-13,Miami,79.3,55.2,0.0,5.2,Sunny
2024-12-13,Phoenix,64.9,37.5,0.36,8.2,Rainy
2024-12-14,Boston,35.4,19.8,0.0,8.2,Cloudy
2024-12-14,Seattle,48.0,27.7,0.0,5.8,Foggy
2024-12-14,Miami,68.1,44.4,0.0,8.8,Sunny
2024-12-14,Phoenix,60.7,41.6,0.0,8.4,Sunny
2024-12-15,Boston,47.7,24.1,0.0,16.2,Cloudy
2024-12-15,Seattle,45.1,32.8,1.78,13.6,Rainy
2024-12-15,Miami,77.6,63.5,0.96,15.1,Sunny
2024-12-15,Phoenix,70.2,43.9,0.0,8.7,Sunny
2024-12-16,Boston,39.5,16.0,0.0,7.1,Foggy
2024-12-16,Seattle,46.4,25.8,0.0,12.6,Rainy
2024-12-16,Miami,79.0,61.1,0.0,6.2,Sunny
2024-12-16,Phoenix,67.3,46.6,0.0,8.5,Cloudy
2024-12-17,Boston,39.8,26.6,0.0,10.7,Cloudy
2024-12-17,Seattle,49.0,23.7,0.76,11.1,Rainy
2024-12-17,Miami,87.3,79.5,0.0,7.4,Rainy
2024-12-17,Phoenix,66.3,54.7,0.0,8.5,Sunny
2024-12-18,Boston,35.0,16.0,0.0,6.0,Snowy
2024-12-18,Seattle,39.8,16.4,0.0,9.8,Rainy
2024-12-18,Miami,85.1,65.3,0.0,4.6,Foggy
2024-12-18,Phoenix,57.9,37.0,0.72,4.7,Sunny
2024-12-19,Boston,38.4,14.6,0.0,7.0,Cloudy
2024-12-19,Seattle,38.6,21.0,0.0,2.9,Sunny
2024-12-19,Miami,75.5,55.6,0.0,7.7,Sunny
2024-12-19,Phoenix,68.7,52.3,1.51,5.4,Cloudy
2024-12-20,Boston,44.9,15.8,0.0,17.5,Sunny
2024-12-20,Seattle,40.7,21.3,0.0,2.2,Rainy
2024-12-20,Miami,77.4,60.4,0.0,7.4,Rainy
2024-12-20,Phoenix,62.9,41.0,0.0,4.9,Sunny
2024-12-21,Boston,40.9,18.6,1.47,16.0,Sunny
2024-12-21,Seattle,32.8,4.8,0.0,3.5,Rainy
2024-12-21,Miami,75.4,57.8,0.0,5.4,Sunny
2024-12-21,Phoenix,65.3,45.7,1.57,17.6,Foggy
2024-12-22,Boston,46.4,20.6,2.16,6.0,Cloudy
2024-12-22,Seattle,41.1,19.0,0.0,4.0,Foggy
2024-12-22,Miami,76.8,62.1,2.21,13.9,Sunny
2024-12-22,Phoenix,68.1,42.3,0.27,17.1,Cloudy
2024-12-23,Boston,35.6,11.9,0.0,10.4,Snowy
2024-12-23,Seattle,44.1,21.9,0.0,13.0,Rainy
2024-12-23,Miami,75.1,59.8,0.0,4.5,Rainy
2024-12-23,Phoenix,64.0,44.0,0.64,10.9,Cloudy
2024-12-24,Boston,50.9,38.3,1.43,5.7,Sunny
2024-12-24,Seattle,43.5,20.8,0.0,25.6,Cloudy
2024-12-24,Miami,65.4,40.5,0.0,9.5,Rainy
2024-12-24,Phoenix,73.8,58.2,0.0,12.9,Cloudy
2024-12-25,Boston,44.6,29.1,0.0,7.7,Cloudy
2024-12-25,Seattle,49.5,34.9,0.0,9.8,Cloudy
2024-12-25,Miami,78.0,57.4,0.0,5.9,Sunny
2024-12-25,Phoenix,65.0,44.8,0.0,13.2,Cloudy
2024-12-26,Boston,43.7,29.2,0.0,19.4,Cloudy
2024-12-26,Seattle,44.4,18.1,1.76,4.6,Sunny
2024-12-26,Miami,72.3,48.6,0.0,5.7,Sunny
2024-12-26,Phoenix,60.7,44.2,0.0,5.6,Sunny
2024-12-27,Boston,38.6,20.7,0.0,10.8,Cloudy
2024-12-27,Seattle,32.0,14.1,0.0,18.2,Cloudy
2024-12-27,Miami,73.3,54.0,0.0,3.9,Sunny
2024-12-27,Phoenix,58.1,42.6,0.0,6.7,Rainy
2024-12-28,Boston,35.7,21.5,0.0,14.0,Snowy
2024-12-28,Seattle,44.3,22.9,0.0,8.6,Cloudy
2024-12-28,Miami,80.7,61.0,0.0,6.7,Rainy
2024-12-28,Phoenix,60.6,41.5,0.0,9.4,Sunny
2024-12-29,Boston,29.9,17.4,0.0,8.2,Cloudy
2024-12-29,Seattle,49.3,20.9,0.0,16.4,Foggy
2024-12-29,Miami,80.0,61.1,0.0,7.0,Sunny
2024-12-29,Phoenix,70.9,49.5,0.0,6.3,Foggy
2024-12-30,Boston,43.5,28.1,0.83,2.8,Rainy
2024-12-30,Seattle,50.9,34.2,1.78,11.3,Foggy
2024-12-30,Miami,78.7,57.6,1.78,5.6,Cloudy
2024-12-30,Phoenix,63.2,46.5,2.08,5.4,Sunny
